target,mutation,n_mutations,source
R175H,"E343Y,R175H",2,generative_evodiff
R175H,"I162Y,P34A,R175H",3,generative_evodiff
R175H,"E294N,R175H,T118M",3,generative_evodiff
R175H,"Q165T,R175H,S90E,W91H",4,generative_evodiff
R175H,"R175H,S15M",2,generative_evodiff
R175H,"P153T,R175H",2,generative_evodiff
R175H,"D186L,D42K,M160S,R175H",4,generative_evodiff
R175H,"R175H,V157G",2,generative_evodiff
R175H,"P60Q,Q192R,R175H,Y205A",4,generative_evodiff
R175H,"L383Q,N29L,R175H",3,generative_evodiff
R175H,"H297W,R175H",2,generative_evodiff
R175H,"A39K,K351C,P12K,R175H",4,generative_evodiff
R175H,"C275F,E358H,R175H",3,generative_evodiff
R175H,"I254W,P8D,R175H",3,generative_evodiff
R175H,"G112I,P190Y,R175H",3,generative_evodiff
R175H,"L130Y,R175H,S315D",3,generative_evodiff
R175H,"D324A,G374W,R175H,R196P",4,generative_evodiff
R175H,"E17R,H368I,R175H",3,generative_evodiff
R175H,"E51M,G374Q,R175H",3,generative_evodiff
R175H,"A276G,R175H",2,generative_evodiff
R175H,"K357L,R175H",2,generative_evodiff
R175H,"R175H,S90D",2,generative_evodiff
R175H,"G226N,I255W,R175H",3,generative_evodiff
R175H,"G361V,L35Q,P71R,R175H",4,generative_evodiff
R175H,"A189C,R175H,S303V,T230K",4,generative_evodiff
R175H,"H168G,L22H,R175H,R213A",4,generative_evodiff
R175H,"R175H,S303D",2,generative_evodiff
R175H,"K305I,N239T,R175H",3,generative_evodiff
R175H,"C238L,R175H",2,generative_evodiff
R175H,"L323Q,P71Y,R175H",3,generative_evodiff
R175H,"P301F,P64Q,R175H",3,generative_evodiff
R175H,"L26S,Q100K,R158W,R175H",4,generative_evodiff
R175H,"R175H,V143C,V217T",3,generative_evodiff
R175H,"P77V,R175H",2,generative_evodiff
R175H,"F341R,R175H",2,generative_evodiff
R175H,"P278I,R175H",2,generative_evodiff
R175H,"A83I,R175H",2,generative_evodiff
R175H,"E339D,G389F,Q375G,R175H",4,generative_evodiff
R175H,"I195G,R175H",2,generative_evodiff
R175H,"E3I,R175H,R283M",3,generative_evodiff
R175H,"P222T,R175H,R248L",3,generative_evodiff
R175H,"R175H,R202N",2,generative_evodiff
R175H,"I251P,R175H",2,generative_evodiff
R175H,"K372M,R175H",2,generative_evodiff
R175H,"A161V,A276D,E51R,R175H",4,generative_evodiff
R175H,"E271S,P67L,R175H,Y205H",4,generative_evodiff
R175H,"D21Y,L45W,R175H,R267T",4,generative_evodiff
R175H,"D391Q,R175H",2,generative_evodiff
R175H,"C238I,L369A,R175H,V218F",4,generative_evodiff
R175H,"K292T,R175H,V217P",3,generative_evodiff
R175H,"P190Q,R175H,Y107D",3,generative_evodiff
R175H,"N239I,P85F,R175H,R267M",4,generative_evodiff
R175H,"I195Q,P72I,R175H,T55P",4,generative_evodiff
R175H,"D324S,E224F,Q331E,R175H",4,generative_evodiff
R175H,"K319L,R175H,S227T",3,generative_evodiff
R175H,"D208T,D48E,D61E,R175H",4,generative_evodiff
R175H,"P92W,R175H,V143M",3,generative_evodiff
R175H,"R175H,V272S",2,generative_evodiff
R175H,"D324S,P13W,R175H",3,generative_evodiff
R175H,"G117H,R175H,Y236G",3,generative_evodiff
R175H,"C124Q,R175H",2,generative_evodiff
R175H,"L194Y,R175H",2,generative_evodiff
R175H,"E388P,K101M,R175H",3,generative_evodiff
R175H,"P72C,R175H,R65C",3,generative_evodiff
R175H,"P309V,P87I,R175H,W53I",4,generative_evodiff
R175H,"G245T,R175H",2,generative_evodiff
R175H,"D207S,G199V,R175H,Y107I",4,generative_evodiff
R175H,"R175H,S315G",2,generative_evodiff
R175H,"A138R,F134K,R175H,T377S",4,generative_evodiff
R175H,"D61Y,P13H,R175H,S95Q",4,generative_evodiff
R175H,"A353Q,G199R,I50M,R175H",4,generative_evodiff
R175H,"E68Q,R175H",2,generative_evodiff
R175H,"R175H,T284G",2,generative_evodiff
R175H,"P58V,Q100R,Q167R,R175H",4,generative_evodiff
R175H,"R175H,Y126V",2,generative_evodiff
R175H,"P64H,R110W,R175H,T150G",4,generative_evodiff
R175H,"P77Q,R175H",2,generative_evodiff
R175H,"E326N,R175H",2,generative_evodiff
R175H,"A353D,F341D,R175H",3,generative_evodiff
R175H,"E339G,N131H,R175H,Y220N",4,generative_evodiff
R175H,"D41G,P85W,R175H,T102P",4,generative_evodiff
R175H,"D208P,R175H,S261Q",3,generative_evodiff
R175H,"K386W,R175H",2,generative_evodiff
R175H,"A76P,P12L,R175H",3,generative_evodiff
R175H,"H233I,R175H",2,generative_evodiff
R175H,"A159L,R175H",2,generative_evodiff
R175H,"G244E,R175H",2,generative_evodiff
R175H,"D208L,G325A,R175H,T312D",4,generative_evodiff
R175H,"L206K,P34V,R175H,V122N",4,generative_evodiff
R175H,"E171R,L308D,R175H",3,generative_evodiff
R175H,"R175H,S185K,T125F",3,generative_evodiff
R175H,"L344I,L350D,R175H",3,generative_evodiff
R175H,"F385Q,R175H,T231K",3,generative_evodiff
R175H,"L265C,R175H",2,generative_evodiff
R175H,"R175H,R209A,T312P",3,generative_evodiff
R175H,"E349H,L299R,R175H,V216P",4,generative_evodiff
R175H,"P27M,R175H,R290T",3,generative_evodiff
R175H,"L323S,R175H",2,generative_evodiff
R175H,"G244R,R175H",2,generative_evodiff
