rescue_mutations,robustness_score,median_rank,rank_variance,rank_balanced,rank_safety_first,rank_evolution_pure,rank_structure_first
T155A,1.0,1.0,0.0,1,1,1,1
T155S,1.0,1.0,0.0,1,1,1,1
T155V,1.0,1.0,0.0,1,1,1,1
L145I,1.0,4.0,0.0,4,4,4,4
L145V,1.0,4.0,0.0,4,4,4,4
L145M,1.0,4.0,0.0,4,4,4,4
V217L,1.0,7.0,0.0,7,7,7,7
V217I,1.0,7.0,0.0,7,7,7,7
V217M,1.0,7.0,0.0,7,7,7,7
V157I,1.0,10.0,0.0,10,10,10,10
V157L,1.0,10.0,0.0,10,10,10,10
V157M,1.0,10.0,0.0,10,10,10,10
M133L,0.0,13.0,12.0,13,13,21,13
M133V,0.0,13.0,12.0,13,13,21,13
M133I,0.0,13.0,12.0,13,13,21,13
"I162V,M133L",0.0,16.0,12.0,16,16,24,16
"I162M,M133L",0.0,16.0,12.0,16,16,24,16
"A189S,M133L",0.0,18.0,12.0,18,18,26,18
"A189G,M133L",0.0,18.0,12.0,18,18,26,18
I162V,0.0,20.0,27.0,20,20,32,20
I162M,0.0,20.0,27.0,20,20,32,20
I162L,0.0,20.0,27.0,20,20,32,20
C141A,0.0,23.0,27.0,23,23,35,23
C141S,0.0,23.0,27.0,23,23,35,23
A189S,0.0,25.0,27.0,25,25,37,25
A189G,0.0,25.0,27.0,25,25,37,25
A189T,0.0,25.0,27.0,25,25,37,25
A189V,0.0,25.0,27.0,25,25,37,25
A189L,0.0,25.0,27.0,25,25,37,25
G108A,0.0,30.0,27.0,30,30,42,30
G108S,0.0,30.0,27.0,30,30,42,30
I255V,0.0,32.0,27.0,32,32,44,32
I255M,0.0,32.0,27.0,32,32,44,32
I255L,0.0,32.0,27.0,32,32,44,32
Y234F,0.0,35.0,27.0,35,35,47,35
Y234W,0.0,35.0,27.0,35,35,47,35
V143I,0.0,37.0,54.1875,37,37,54,37
V143L,0.0,37.0,54.1875,37,37,54,37
V143M,0.0,37.0,54.1875,37,37,54,37
F134Y,0.0,40.0,75.0,40,40,60,40
F134L,0.0,40.0,75.0,40,40,60,40
F134W,0.0,40.0,75.0,40,40,60,40
"M133L,R213Q",0.0,43.0,75.0,43,43,63,43
"A161S,M133L",0.0,43.0,75.0,43,43,63,43
"M133L,Y163F",0.0,45.0,216.75,45,45,79,45
"M133L,S215A",0.0,45.0,216.75,45,45,79,45
F109Y,0.0,47.0,379.6875,47,47,92,47
F109L,0.0,47.0,379.6875,47,47,92,47
F109W,0.0,47.0,379.6875,47,47,92,47
R213Q,0.0,53.0,2529.0,56,50,168,50
A161S,0.0,53.0,2529.0,56,50,168,50
R213H,0.0,53.0,2529.0,56,50,168,50
A161G,0.0,53.0,2529.0,56,50,168,50
A161T,0.0,53.0,2529.0,56,50,168,50
R213K,0.0,53.0,2529.0,56,50,168,50
A161V,0.0,53.0,2529.0,56,50,168,50
A161L,0.0,53.0,2529.0,56,50,168,50
T125S,0.0,61.0,5172.75,64,58,226,58
T125A,0.0,61.0,5172.75,64,58,226,58
T125V,0.0,61.0,5172.75,64,58,226,58
Y163F,0.0,65.5,6782.25,70,61,254,61
S215A,0.0,65.5,6782.25,70,61,254,61
S127A,0.0,65.5,6782.25,70,61,254,61
T253S,0.0,65.5,6782.25,70,61,254,61
S127N,0.0,65.5,6782.25,70,61,254,61
S215N,0.0,65.5,6782.25,70,61,254,61
T253V,0.0,65.5,6782.25,70,61,254,61
T253A,0.0,65.5,6782.25,70,61,254,61
V218M,0.0,65.5,6782.25,70,61,254,61
P278A,0.0,65.5,6782.25,70,61,254,61
V218I,0.0,65.5,6782.25,70,61,254,61
S215T,0.0,65.5,6782.25,70,61,254,61
P278S,0.0,65.5,6782.25,70,61,254,61
V218L,0.0,65.5,6782.25,70,61,254,61
P151A,0.0,65.5,6782.25,70,61,254,61
S127T,0.0,65.5,6782.25,70,61,254,61
P151S,0.0,65.5,6782.25,70,61,254,61
V272M,0.0,65.5,6782.25,70,61,254,61
V272I,0.0,65.5,6782.25,70,61,254,61
V272L,0.0,65.5,6782.25,70,61,254,61
V173I,0.0,65.5,6782.25,70,61,254,61
V216I,0.0,65.5,6782.25,70,61,254,61
V173M,0.0,65.5,6782.25,70,61,254,61
V173L,0.0,65.5,6782.25,70,61,254,61
V216L,0.0,65.5,6782.25,70,61,254,61
V216M,0.0,65.5,6782.25,70,61,254,61
Y163W,0.0,65.5,6782.25,70,61,254,61
"C229A,M133L",0.0,82.0,2110.25,50,114,15,127
"C229S,M133L",0.0,82.0,2110.25,50,114,15,127
"A189S,C229A",0.0,84.0,2110.25,52,116,17,129
"A189S,C229S",0.0,84.0,2110.25,52,116,17,129
"A189G,C229A",0.0,84.0,2110.25,52,116,17,129
"A189G,C229S",0.0,84.0,2110.25,52,116,17,129
F270Y,0.0,92.5,6782.25,97,88,281,88
A159S,0.0,92.5,6782.25,97,88,281,88
C135A,0.0,92.5,6782.25,97,88,281,88
C135S,0.0,92.5,6782.25,97,88,281,88
A159G,0.0,92.5,6782.25,97,88,281,88
G266A,0.0,92.5,6782.25,97,88,281,88
F270L,0.0,92.5,6782.25,97,88,281,88
H193N,0.0,92.5,6782.25,97,88,281,88
A159V,0.0,92.5,6782.25,97,88,281,88
A159T,0.0,92.5,6782.25,97,88,281,88
H193K,0.0,92.5,6782.25,97,88,281,88
F270W,0.0,92.5,6782.25,97,88,281,88
G279A,0.0,92.5,6782.25,97,88,281,88
A159L,0.0,92.5,6782.25,97,88,281,88
G266S,0.0,92.5,6782.25,97,88,281,88
G279S,0.0,92.5,6782.25,97,88,281,88
H193R,0.0,92.5,6782.25,97,88,281,88
"M133L,S95A",0.0,95.5,1249.6875,67,124,51,133
"M133V,S95A",0.0,95.5,1249.6875,67,124,51,133
"M133L,S95T",0.0,95.5,1249.6875,67,124,51,133
I251V,0.0,109.5,6782.25,114,105,298,105
I254L,0.0,109.5,6782.25,114,105,298,105
I254V,0.0,109.5,6782.25,114,105,298,105
L257M,0.0,109.5,6782.25,114,105,298,105
I251M,0.0,109.5,6782.25,114,105,298,105
I254M,0.0,109.5,6782.25,114,105,298,105
I251L,0.0,109.5,6782.25,114,105,298,105
L257V,0.0,109.5,6782.25,114,105,298,105
L257I,0.0,109.5,6782.25,114,105,298,105
"I162V,M133L,R196Q",0.0,117.0,54.75,126,120,106,114
"I162M,M133L,R196Q",0.0,117.0,54.75,126,120,106,114
"I162V,M133L,R196K",0.0,117.0,54.75,126,120,106,114
"I162M,M133L,R196K",0.0,117.0,54.75,126,120,106,114
"A189S,S95A",0.0,125.0,985.1875,123,127,57,136
"A189G,S95A",0.0,125.0,985.1875,123,127,57,136
"M133L,N235Q",0.0,127.0,985.1875,125,129,59,138
"A189S,S269A",0.0,131.5,903.1875,130,133,65,139
"A189G,S269A",0.0,131.5,903.1875,130,133,65,139
"A189S,S269N",0.0,131.5,903.1875,130,133,65,139
"R196Q,T155A",0.0,138.5,653.5,135,142,81,142
"R196Q,T155S",0.0,138.5,653.5,135,142,81,142
"R196K,T155A",0.0,138.5,653.5,135,142,81,142
"R196H,T155A",0.0,138.5,653.5,135,142,81,142
"R196K,T155S",0.0,138.5,653.5,135,142,81,142
"R196H,T155S",0.0,138.5,653.5,135,142,81,142
"M133L,R196Q,R213Q",0.0,139.5,566.25,149,130,181,118
"A161S,M133L,R196Q",0.0,139.5,566.25,149,130,181,118
"M133L,R196K,R213Q",0.0,139.5,566.25,149,130,181,118
"L145I,R196Q",0.0,144.5,452.25,141,148,97,148
"L145I,R196K",0.0,144.5,452.25,141,148,97,148
"L145I,R196H",0.0,144.5,452.25,141,148,97,148
"L145V,R196Q",0.0,144.5,452.25,141,148,97,148
"L145V,R196K",0.0,144.5,452.25,141,148,97,148
"L145V,R196H",0.0,144.5,452.25,141,148,97,148
"L145M,R196Q",0.0,144.5,452.25,141,148,97,148
"M133L,R196Q,Y163F",0.0,144.5,833.5,153,136,198,121
"M133L,R196Q,S215A",0.0,144.5,833.5,153,136,198,121
"M133L,R196K,Y163F",0.0,144.5,833.5,153,136,198,121
"M133L,R196K,S215A",0.0,144.5,833.5,153,136,198,121
"M133L,R196H,Y163F",0.0,144.5,833.5,153,136,198,121
"M133L,R196H,S215A",0.0,144.5,833.5,153,136,198,121
"M133L,V147L",0.0,151.5,434.1875,148,155,105,155
"H214N,M133L",0.0,154.0,376.75,152,156,110,156
"M133L,T211A",0.0,157.0,239.1875,159,157,122,157
"M133L,T211S",0.0,157.0,239.1875,159,157,122,157
"M133V,T211A",0.0,157.0,239.1875,159,157,122,157
"A189S,H214N",0.0,160.0,165.6875,162,160,131,160
"A189G,H214N",0.0,160.0,165.6875,162,160,131,160
"R196Q,V157I",0.0,162.0,80.75,164,162,142,162
"S215A,S95A",0.0,163.0,35.6875,165,163,150,163
"A189S,T211A",0.0,164.0,19.0,172,164,160,164
"A189S,T211S",0.0,164.0,19.0,172,164,160,164
"A189G,T211A",0.0,164.0,19.0,172,164,160,164
"A189G,T211S",0.0,164.0,19.0,172,164,160,164
C229A,0.0,170.5,11967.1875,133,208,13,313
C229S,0.0,170.5,11967.1875,133,208,13,313
"M133L,R196Q",0.0,174.5,58.25,181,168,185,168
"M133L,R196K",0.0,174.5,58.25,181,168,185,168
"M133L,R196H",0.0,174.5,58.25,181,168,185,168
"M133V,R196Q",0.0,174.5,58.25,181,168,185,168
"M133V,R196K",0.0,174.5,58.25,181,168,185,168
"M133V,R196H",0.0,174.5,58.25,181,168,185,168
"M133L,V172I",0.0,174.5,58.25,181,168,185,168
"C229A,M133L,R196Q",0.0,180.0,4344.1875,166,194,73,256
"C229S,M133L,R196Q",0.0,180.0,4344.1875,166,194,73,256
"C229A,M133L,R196K",0.0,180.0,4344.1875,166,194,73,256
"C229S,M133L,R196K",0.0,180.0,4344.1875,166,194,73,256
"C229A,M133L,R196H",0.0,180.0,4344.1875,166,194,73,256
"C229S,M133L,R196H",0.0,180.0,4344.1875,166,194,73,256
"I162V,R196Q",0.0,181.5,142.25,188,175,204,175
"I162M,R196Q",0.0,181.5,142.25,188,175,204,175
"I162V,R196K",0.0,181.5,142.25,188,175,204,175
"I162M,R196K",0.0,181.5,142.25,188,175,204,175
"I162V,R196H",0.0,181.5,142.25,188,175,204,175
"I162M,R196H",0.0,181.5,142.25,188,175,204,175
"I162L,R196Q",0.0,181.5,142.25,188,175,204,175
"L145I,R196Q,S95A",0.0,188.0,3760.1875,176,200,91,262
"A189S,R196Q",0.0,188.5,369.5,195,182,229,182
"C141A,R196Q",0.0,188.5,369.5,195,182,229,182
"A189G,R196K",0.0,188.5,369.5,195,182,229,182
"C141A,R196K",0.0,188.5,369.5,195,182,229,182
"C141S,R196Q",0.0,188.5,369.5,195,182,229,182
"A189S,K132Q",0.0,193.5,369.5,200,187,234,187
"I255V,R196Q",0.0,195.5,525.1875,203,188,244,188
"I255V,R196K",0.0,195.5,525.1875,203,188,244,188
"R196Q,Y234F",0.0,195.5,525.1875,203,188,244,188
"I255V,R196H",0.0,195.5,525.1875,203,188,244,188
"I255M,R196Q",0.0,195.5,525.1875,203,188,244,188
"R196K,Y234F",0.0,195.5,525.1875,203,188,244,188
"M133L,R196Q,S95A",0.0,209.5,1569.6875,209,210,151,263
"M133L,R196K,S95A",0.0,209.5,1569.6875,209,210,151,263
"M133L,R196H,S95A",0.0,209.5,1569.6875,209,210,151,263
"M133V,R196Q,S95A",0.0,209.5,1569.6875,209,210,151,263
"M133L,R196Q,S95T",0.0,209.5,1569.6875,209,210,151,263
"M133V,R196K,S95A",0.0,209.5,1569.6875,209,210,151,263
"M133L,R196K,S95T",0.0,209.5,1569.6875,209,210,151,263
"M133V,R196H,S95A",0.0,209.5,1569.6875,209,210,151,263
"M133L,R196H,S95T",0.0,209.5,1569.6875,209,210,151,263
"F134Y,R196Q",0.0,210.5,3020.1875,220,201,330,194
"F134Y,R196K",0.0,210.5,3020.1875,220,201,330,194
"F134Y,R196H",0.0,210.5,3020.1875,220,201,330,194
"A161S,T211A",0.0,213.5,3210.6875,223,204,337,197
"F109Y,R196Q",0.0,216.5,4903.1875,228,205,370,198
"T211A,Y163F",0.0,217.5,4963.25,229,206,372,199
"T211S,Y163F",0.0,217.5,4963.25,229,206,372,199
"C229A,R196Q,R213Q",0.0,218.5,1458.1875,218,219,164,272
"C229S,R196Q,R213Q",0.0,218.5,1458.1875,218,219,164,272
"R196Q,R213Q",0.0,231.0,8627.0,241,221,433,201
"A161S,R196Q",0.0,231.0,8627.0,241,221,433,201
"R196K,R213Q",0.0,231.0,8627.0,241,221,433,201
"R196H,R213Q",0.0,231.0,8627.0,241,221,433,201
"A161S,R196K",0.0,231.0,8627.0,241,221,433,201
"A161S,R196H",0.0,231.0,8627.0,241,221,433,201
"R196Q,R213H",0.0,231.0,8627.0,241,221,433,201
"A161G,R196Q",0.0,231.0,8627.0,241,221,433,201
"R196K,R213H",0.0,231.0,8627.0,241,221,433,201
"R196H,R213H",0.0,231.0,8627.0,241,221,433,201
"R196Q,R213K",0.0,231.0,8627.0,241,221,433,201
"A161G,R196K",0.0,231.0,8627.0,241,221,433,201
"A161T,R196Q",0.0,231.0,8627.0,241,221,433,201
"A161G,R196H",0.0,231.0,8627.0,241,221,433,201
"R196K,R213K",0.0,231.0,8627.0,241,221,433,201
"A161T,R196K",0.0,231.0,8627.0,241,221,433,201
"R196H,R213K",0.0,231.0,8627.0,241,221,433,201
"C229A,R196Q,Y163F",0.0,231.0,1234.0,224,238,176,274
"C229A,R196Q,S215A",0.0,231.0,1234.0,224,238,176,274
"C229S,R196Q,Y163F",0.0,231.0,1234.0,224,238,176,274
"C229S,R196Q,S215A",0.0,231.0,1234.0,224,238,176,274
G112S,0.0,240.5,13502.5,177,304,28,315
G112A,0.0,240.5,13502.5,177,304,28,315
"C229A,S95A",0.0,242.5,13502.5,179,306,30,317
"C229S,S95A",0.0,242.5,13502.5,179,306,30,317
"C229A,S269A",0.0,256.0,11921.0,201,311,49,319
"C229S,S269A",0.0,256.0,11921.0,201,311,49,319
"R196Q,T125S",0.0,263.0,10134.75,284,242,474,218
"R196K,T125S",0.0,263.0,10134.75,284,242,474,218
"R196H,T125S",0.0,263.0,10134.75,284,242,474,218
"M133L,R196Q,V147L",0.0,265.0,407.1875,231,280,252,278
"M133L,R196K,V147L",0.0,265.0,407.1875,231,280,252,278
"R196Q,Y163F",0.0,266.0,10563.1875,287,245,482,221
"R196Q,S215A",0.0,266.0,10563.1875,287,245,482,221
"R196K,Y163F",0.0,266.0,10563.1875,287,245,482,221
"R196K,S215A",0.0,266.0,10563.1875,287,245,482,221
"R196H,Y163F",0.0,266.0,10563.1875,287,245,482,221
"R196H,S215A",0.0,266.0,10563.1875,287,245,482,221
"R196Q,S127A",0.0,266.0,10563.1875,287,245,482,221
"F270Y,R196Q",0.0,266.0,10563.1875,287,245,482,221
"R196K,S127A",0.0,266.0,10563.1875,287,245,482,221
"F270Y,R196K",0.0,266.0,10563.1875,287,245,482,221
"R196H,S127A",0.0,266.0,10563.1875,287,245,482,221
"F270Y,R196H",0.0,266.0,10563.1875,287,245,482,221
"R196Q,T253S",0.0,266.0,10563.1875,287,245,482,221
"R196Q,S127N",0.0,266.0,10563.1875,287,245,482,221
"A159S,R196Q",0.0,266.0,10563.1875,287,245,482,221
"R196Q,S215N",0.0,266.0,10563.1875,287,245,482,221
"R196K,T253S",0.0,266.0,10563.1875,287,245,482,221
"R196K,S127N",0.0,266.0,10563.1875,287,245,482,221
"A159S,R196K",0.0,266.0,10563.1875,287,245,482,221
"R196Q,T253V",0.0,266.0,10563.1875,287,245,482,221
"R196H,T253S",0.0,266.0,10563.1875,287,245,482,221
"C135A,R196Q",0.0,266.0,10563.1875,287,245,482,221
"R196H,S127N",0.0,266.0,10563.1875,287,245,482,221
"R196K,S215N",0.0,266.0,10563.1875,287,245,482,221
"A159S,R196H",0.0,266.0,10563.1875,287,245,482,221
"R196H,S215N",0.0,266.0,10563.1875,287,245,482,221
"C135S,R196Q",0.0,266.0,10563.1875,287,245,482,221
"R196K,T253V",0.0,266.0,10563.1875,287,245,482,221
"R196Q,T253A",0.0,266.0,10563.1875,287,245,482,221
S95A,0.0,277.0,10670.6875,233,321,68,321
S95T,0.0,277.0,10670.6875,233,321,68,321
S95N,0.0,277.0,10670.6875,233,321,68,321
"C229A,H214N",0.0,280.0,10670.6875,236,324,71,324
"C229S,H214N",0.0,280.0,10670.6875,236,324,71,324
"H214N,M133L,R196Q",0.0,281.0,613.6875,238,282,307,280
"H214N,M133L,R196K",0.0,281.0,613.6875,238,282,307,280
"H214N,M133L,R196H",0.0,281.0,613.6875,238,282,307,280
"M133L,R196Q,T211A",0.0,284.0,521.5,258,285,322,283
"M133L,R196Q,T211S",0.0,284.0,521.5,258,285,322,283
"M133L,R196K,T211A",0.0,284.0,521.5,258,285,322,283
"M133L,R196K,T211S",0.0,284.0,521.5,258,285,322,283
"M133L,R196H,T211A",0.0,284.0,521.5,258,285,322,283
"M133L,R196H,T211S",0.0,284.0,521.5,258,285,322,283
"M133V,R196Q,T211A",0.0,284.0,521.5,258,285,322,283
"M133V,R196Q,T211S",0.0,284.0,521.5,258,285,322,283
"I162V,R196Q,T211A",0.0,292.0,519.1875,270,293,333,291
"I162V,R196Q,T211S",0.0,292.0,519.1875,270,293,333,291
"I162M,R196Q,T211A",0.0,292.0,519.1875,270,293,333,291
"I162M,R196Q,T211S",0.0,292.0,519.1875,270,293,333,291
"I251V,R196Q",0.0,295.0,10563.1875,316,274,511,250
"I251V,R196K",0.0,295.0,10563.1875,316,274,511,250
"I251V,R196H",0.0,295.0,10563.1875,316,274,511,250
"I254L,R196Q",0.0,295.0,10563.1875,316,274,511,250
"I254V,R196Q",0.0,295.0,10563.1875,316,274,511,250
"L257M,R196Q",0.0,295.0,10563.1875,316,274,511,250
"C229A,T211A",0.0,296.0,9592.6875,266,326,87,326
"C229S,T211A",0.0,296.0,9592.6875,266,326,87,326
"C229A,T211S",0.0,296.0,9592.6875,266,326,87,326
"C229S,T211S",0.0,296.0,9592.6875,266,326,87,326
"R196Q,R213Q,S269A",0.0,296.0,537.5,274,297,338,295
"R196Q,S215A,S95A",0.0,297.0,614.5,275,298,343,296
"R196K,S215A,S95A",0.0,297.0,614.5,275,298,343,296
"R196H,S215A,S95A",0.0,297.0,614.5,275,298,343,296
"R196Q,S127A,S95A",0.0,297.0,614.5,275,298,343,296
"F270Y,R196Q,S95A",0.0,297.0,614.5,275,298,343,296
"I251V,R196Q,S95A",0.0,299.5,636.6875,280,303,348,296
"S269A,S95A",0.0,305.5,9365.5,281,330,95,330
"S269N,S95A",0.0,305.5,9365.5,281,330,95,330
"N235Q,S95A",0.0,307.5,8800.6875,283,332,104,332
"R196Q,S269A,Y163F",0.0,315.0,546.75,322,308,362,302
"R196Q,S215A,S269A",0.0,315.0,546.75,322,308,362,302
"M133L,R196Q,V172I",0.0,322.5,695.5,335,310,371,304
V203I,0.0,328.5,9006.1875,324,333,111,333
V203M,0.0,328.5,9006.1875,324,333,111,333
V203L,0.0,328.5,9006.1875,324,333,111,333
"C229A,R196Q,S95A",0.0,331.5,9006.1875,327,336,114,336
"C229S,R196Q,S95A",0.0,331.5,9006.1875,327,336,114,336
"C229A,R196K,S95A",0.0,331.5,9006.1875,327,336,114,336
"C229S,R196K,S95A",0.0,331.5,9006.1875,327,336,114,336
"C229A,R196H,S95A",0.0,331.5,9006.1875,327,336,114,336
"C229S,R196H,S95A",0.0,331.5,9006.1875,327,336,114,336
"C229A,R196Q,S95T",0.0,331.5,9006.1875,327,336,114,336
"C229S,R196Q,S95T",0.0,331.5,9006.1875,327,336,114,336
"A161S,R196Q,T211A",0.0,336.5,3324.5,360,313,450,305
"A161S,R196Q,T211S",0.0,336.5,3324.5,360,313,450,305
"H214N,R196Q,Y163F",0.0,338.5,3758.1875,362,315,461,307
S269A,0.0,340.0,8785.6875,336,344,125,344
S269N,0.0,340.0,8785.6875,336,344,125,344
S269T,0.0,340.0,8785.6875,336,344,125,344
"R196Q,T211A,Y163F",0.0,340.0,4547.1875,364,316,477,308
"R196Q,T211S,Y163F",0.0,340.0,4547.1875,364,316,477,308
"R196K,T211A,Y163F",0.0,340.0,4547.1875,364,316,477,308
"R196K,T211S,Y163F",0.0,340.0,4547.1875,364,316,477,308
"R196H,T211A,Y163F",0.0,340.0,4547.1875,364,316,477,308
N235Q,0.0,343.0,8785.6875,339,347,128,347
N235S,0.0,343.0,8785.6875,339,347,128,347
N235D,0.0,343.0,8785.6875,339,347,128,347
"C229A,R196Q,S269A",0.0,346.0,8624.1875,342,350,133,350
"C229S,R196Q,S269A",0.0,346.0,8624.1875,342,350,133,350
"C229A,R196Q,S269N",0.0,346.0,8624.1875,342,350,133,350
"C229A,R196K,S269A",0.0,346.0,8624.1875,342,350,133,350
"C229S,R196Q,S269N",0.0,346.0,8624.1875,342,350,133,350
"C229S,R196K,S269A",0.0,346.0,8624.1875,342,350,133,350
"C229A,R196H,S269A",0.0,346.0,8624.1875,342,350,133,350
"C229S,R196H,S269A",0.0,346.0,8624.1875,342,350,133,350
"C229A,R196K,S269N",0.0,346.0,8624.1875,342,350,133,350
"C229A,R196Q",0.0,355.0,8544.0,351,359,143,359
"C229S,R196Q",0.0,355.0,8544.0,351,359,143,359
"C229A,R196K",0.0,355.0,8544.0,351,359,143,359
"C229S,R196K",0.0,355.0,8544.0,351,359,143,359
"C229A,R196H",0.0,355.0,8544.0,351,359,143,359
"C229S,R196H",0.0,355.0,8544.0,351,359,143,359
"C229A,K132Q",0.0,355.0,8241.0,351,359,149,365
C124S,0.0,362.0,7312.0,358,366,166,366
C124A,0.0,362.0,7312.0,358,366,166,366
"S95A,V147L",0.0,365.5,6514.1875,363,368,180,368
"H214N,S95A",0.0,369.0,6417.1875,369,369,184,369
"C229A,H214N,R196Q",0.0,370.0,5940.75,370,370,192,370
"C229S,H214N,R196Q",0.0,370.0,5940.75,370,370,192,370
"C229A,H214N,R196K",0.0,370.0,5940.75,370,370,192,370
"C229S,H214N,R196K",0.0,370.0,5940.75,370,370,192,370
"C229A,H214N,R196H",0.0,370.0,5940.75,370,370,192,370
"C229S,H214N,R196H",0.0,370.0,5940.75,370,370,192,370
"C229A,R196Q,T211A",0.0,376.0,5104.6875,376,376,211,376
"C229S,R196Q,T211A",0.0,376.0,5104.6875,376,376,211,376
"C229A,R196Q,T211S",0.0,376.0,5104.6875,376,376,211,376
"C229S,R196Q,T211S",0.0,376.0,5104.6875,376,376,211,376
"C229A,R196K,T211A",0.0,376.0,5104.6875,376,376,211,376
"C229S,R196K,T211A",0.0,376.0,5104.6875,376,376,211,376
"C229A,R196K,T211S",0.0,376.0,5104.6875,376,376,211,376
"C229S,R196K,T211S",0.0,376.0,5104.6875,376,376,211,376
"C229A,R196H,T211A",0.0,376.0,5104.6875,376,376,211,376
"C229S,R196H,T211A",0.0,376.0,5104.6875,376,376,211,376
"C229A,R196H,T211S",0.0,376.0,5104.6875,376,376,211,376
"C229S,R196H,T211S",0.0,376.0,5104.6875,376,376,211,376
I232L,0.0,388.0,5104.6875,388,388,223,388
I232V,0.0,388.0,5104.6875,388,388,223,388
I232M,0.0,388.0,5104.6875,388,388,223,388
"H214N,S269A",0.0,391.0,4563.0,391,391,235,391
"H214N,S269N",0.0,391.0,4563.0,391,391,235,391
"R196Q,S269A,S95A",0.0,393.0,4563.0,393,393,237,393
"R196Q,S269N,S95A",0.0,393.0,4563.0,393,393,237,393
"R196K,S269A,S95A",0.0,393.0,4563.0,393,393,237,393
"R196H,S269A,S95A",0.0,393.0,4563.0,393,393,237,393
"R196K,S269N,S95A",0.0,393.0,4563.0,393,393,237,393
"R196H,S269N,S95A",0.0,393.0,4563.0,393,393,237,393
"R196Q,S269A,S95T",0.0,393.0,4563.0,393,393,237,393
"N235Q,R196Q,S95A",0.0,400.0,4218.75,400,400,250,400
"N235Q,R196K,S95A",0.0,400.0,4218.75,400,400,250,400
"C229A,L252I,R196Q",0.0,402.0,1587.0,402,402,310,402
"C229A,L252V,R196Q",0.0,402.0,1587.0,402,402,310,402
"C229S,L252I,R196Q",0.0,402.0,1587.0,402,402,310,402
"C229S,L252V,R196Q",0.0,402.0,1587.0,402,402,310,402
"S269A,T211A",0.0,406.0,1587.0,406,406,314,406
"S269A,T211S",0.0,406.0,1587.0,406,406,314,406
"S269N,T211A",0.0,406.0,1587.0,406,406,314,406
"S269N,T211S",0.0,406.0,1587.0,406,406,314,406
"L252I,S95A",0.0,410.0,1587.0,410,410,318,410
"L252V,S95A",0.0,410.0,1587.0,410,410,318,410
"L252M,S95A",0.0,410.0,1587.0,410,410,318,410
"N235Q,T211A",0.0,413.0,1587.0,413,413,321,413
"C229A,K132Q,R196Q",0.0,414.0,1054.6875,414,414,339,414
"C229S,K132Q,R196Q",0.0,414.0,1054.6875,414,414,339,414
"C229A,K132Q,R196K",0.0,414.0,1054.6875,414,414,339,414
"C229S,K132Q,R196K",0.0,414.0,1054.6875,414,414,339,414
"R196Q,S95A",0.0,418.0,892.6875,418,418,349,418
"R196K,S95A",0.0,418.0,892.6875,418,418,349,418
"R196H,S95A",0.0,418.0,892.6875,418,418,349,418
"R196Q,S95T",0.0,418.0,892.6875,418,418,349,418
"R196K,S95T",0.0,418.0,892.6875,418,418,349,418
"R196H,S95T",0.0,418.0,892.6875,418,418,349,418
"K132Q,S95A",0.0,421.0,847.6875,424,424,355,418
"R196Q,S95A,V147L",0.0,425.0,892.6875,425,425,356,425
"R196K,S95A,V147L",0.0,425.0,892.6875,425,425,356,425
"R196Q,S95A,V147M",0.0,425.0,892.6875,425,425,356,425
"R196Q,S95A,V147I",0.0,425.0,892.6875,425,425,356,425
"R196H,S95A,V147L",0.0,425.0,892.6875,425,425,356,425
"R196K,S95A,V147M",0.0,425.0,892.6875,425,425,356,425
I195L,0.0,431.0,841.6875,431,431,364,431
I195V,0.0,431.0,841.6875,431,431,364,431
I195M,0.0,431.0,841.6875,431,431,364,431
"H214N,R196Q,S95A",0.0,434.0,841.6875,434,434,367,434
"H214N,R196K,S95A",0.0,434.0,841.6875,434,434,367,434
"H214N,R196H,S95A",0.0,434.0,841.6875,434,434,367,434
V147L,0.0,437.0,744.1875,437,437,374,437
V147M,0.0,437.0,744.1875,437,437,374,437
V147I,0.0,437.0,744.1875,437,437,374,437
"R196Q,S95A,T211A",0.0,440.0,744.1875,440,440,377,440
"R196Q,S95A,T211S",0.0,440.0,744.1875,440,440,377,440
"R196Q,S95A,V197M",0.0,440.0,744.1875,440,440,377,440
"R196Q,S269A",0.0,443.0,744.1875,443,443,380,443
"R196Q,S269N",0.0,443.0,744.1875,443,443,380,443
"R196K,S269A",0.0,443.0,744.1875,443,443,380,443
"R196H,S269A",0.0,443.0,744.1875,443,443,380,443
"R196K,S269N",0.0,443.0,744.1875,443,443,380,443
"R196H,S269N",0.0,443.0,744.1875,443,443,380,443
"R196Q,S269T",0.0,443.0,744.1875,443,443,380,443
"R196K,S269T",0.0,443.0,744.1875,443,443,380,443
"R196H,S269T",0.0,443.0,744.1875,443,443,380,443
"N235Q,R196Q",0.0,452.0,744.1875,452,452,389,452
"N235Q,R196K",0.0,452.0,744.1875,452,452,389,452
"N235Q,R196H",0.0,452.0,744.1875,452,452,389,452
"N235S,R196Q",0.0,452.0,744.1875,452,452,389,452
"N235S,R196K",0.0,452.0,744.1875,452,452,389,452
"N235S,R196H",0.0,452.0,744.1875,452,452,389,452
"H214N,R196Q,S269A",0.0,458.0,744.1875,458,458,395,458
"H214N,R196Q,S269N",0.0,458.0,744.1875,458,458,395,458
"H214N,R196K,S269A",0.0,458.0,744.1875,458,458,395,458
"H214N,R196H,S269A",0.0,458.0,744.1875,458,458,395,458
"H214N,R196K,S269N",0.0,458.0,744.1875,458,458,395,458
H214N,0.0,463.0,744.1875,463,463,400,463
H214K,0.0,463.0,744.1875,463,463,400,463
H214R,0.0,463.0,744.1875,463,463,400,463
"R196Q,S269A,T211A",0.0,466.0,744.1875,466,466,403,466
"R196Q,S269A,T211S",0.0,466.0,744.1875,466,466,403,466
"R196Q,S269N,T211A",0.0,466.0,744.1875,466,466,403,466
"R196K,S269A,T211A",0.0,466.0,744.1875,466,466,403,466
"R196Q,S269N,T211S",0.0,466.0,744.1875,466,466,403,466
"R196K,S269A,T211S",0.0,466.0,744.1875,466,466,403,466
"R196H,S269A,T211A",0.0,466.0,744.1875,466,466,403,466
"R196K,S269N,T211A",0.0,466.0,744.1875,466,466,403,466
"R196H,S269A,T211S",0.0,466.0,744.1875,466,466,403,466
"R196K,S269N,T211S",0.0,466.0,744.1875,466,466,403,466
"R196H,S269N,T211A",0.0,466.0,744.1875,466,466,403,466
"R196H,S269N,T211S",0.0,466.0,744.1875,466,466,403,466
"L252I,R196Q,S95A",0.0,478.0,744.1875,478,478,415,478
"L252V,R196Q,S95A",0.0,478.0,744.1875,478,478,415,478
"L252I,R196K,S95A",0.0,478.0,744.1875,478,478,415,478
"L252V,R196K,S95A",0.0,478.0,744.1875,478,478,415,478
"L252M,R196Q,S95A",0.0,478.0,744.1875,478,478,415,478
"L252I,R196H,S95A",0.0,478.0,744.1875,478,478,415,478
"L252V,R196H,S95A",0.0,478.0,744.1875,478,478,415,478
"L252M,R196K,S95A",0.0,478.0,744.1875,478,478,415,478
"L252M,R196H,S95A",0.0,478.0,744.1875,478,478,415,478
"N235Q,R196Q,T211A",0.0,487.0,744.1875,487,487,424,487
"C124S,R196Q",0.0,488.0,744.1875,488,488,425,488
"C124S,R196K",0.0,488.0,744.1875,488,488,425,488
"C124S,R196H",0.0,488.0,744.1875,488,488,425,488
"C124A,R196Q",0.0,488.0,744.1875,488,488,425,488
"C124A,R196K",0.0,488.0,744.1875,488,488,425,488
"C124A,R196H",0.0,488.0,744.1875,488,488,425,488
"T211A,V147L",0.0,494.0,744.1875,494,494,431,494
"T211S,V147L",0.0,494.0,744.1875,494,494,431,494
"K132Q,R196Q,S95A",0.0,496.0,363.0,496,496,452,496
"K132Q,R196K,S95A",0.0,496.0,363.0,496,496,452,496
"K132Q,R196H,S95A",0.0,496.0,363.0,496,496,452,496
"R196Q,S95A,T230A",0.0,496.0,363.0,496,496,452,496
"R196Q,S95A,T230S",0.0,496.0,363.0,496,496,452,496
"R196K,S95A,T230A",0.0,496.0,363.0,496,496,452,496
L111I,0.0,502.0,363.0,502,502,458,502
L111V,0.0,502.0,363.0,502,502,458,502
L111M,0.0,502.0,363.0,502,502,458,502
T211A,0.0,505.0,346.6875,505,505,462,505
T211S,0.0,505.0,346.6875,505,505,462,505
T211V,0.0,505.0,346.6875,505,505,462,505
V197M,0.0,506.5,332.25,508,508,465,505
V197I,0.0,506.5,332.25,508,508,465,505
V197L,0.0,506.5,332.25,508,508,465,505
"I232L,R196Q",0.0,511.0,346.6875,511,511,468,511
"I232L,R196K",0.0,511.0,346.6875,511,511,468,511
"I232V,R196Q",0.0,511.0,346.6875,511,511,468,511
"I232L,R196H",0.0,511.0,346.6875,511,511,468,511
"I232M,R196Q",0.0,511.0,346.6875,511,511,468,511
"I232V,R196K",0.0,511.0,346.6875,511,511,468,511
"H214N,R196Q,V147L",0.0,517.0,0.0,517,517,517,517
"R196Q,T211A,V147L",0.0,518.0,0.0,518,518,518,518
"R196Q,T211S,V147L",0.0,518.0,0.0,518,518,518,518
"R196K,T211A,V147L",0.0,518.0,0.0,518,518,518,518
"R196K,T211S,V147L",0.0,518.0,0.0,518,518,518,518
"L252I,T211A",0.0,522.0,0.0,522,522,522,522
"L252V,T211A",0.0,522.0,0.0,522,522,522,522
"L252I,T211S",0.0,522.0,0.0,522,522,522,522
"L252V,T211S",0.0,522.0,0.0,522,522,522,522
"I195L,R196Q",0.0,526.0,0.0,526,526,526,526
"R196Q,V147L",0.0,527.0,0.0,527,527,527,527
"R196K,V147L",0.0,527.0,0.0,527,527,527,527
"R196Q,V147M",0.0,527.0,0.0,527,527,527,527
"R196Q,V147I",0.0,527.0,0.0,527,527,527,527
"R196H,V147L",0.0,527.0,0.0,527,527,527,527
"R196K,V147M",0.0,527.0,0.0,527,527,527,527
"R196K,V147I",0.0,527.0,0.0,527,527,527,527
"R196H,V147M",0.0,527.0,0.0,527,527,527,527
"R196H,V147I",0.0,527.0,0.0,527,527,527,527
"H214N,R196Q",0.0,536.0,0.0,536,536,536,536
"H214N,R196K",0.0,536.0,0.0,536,536,536,536
"H214N,R196H",0.0,536.0,0.0,536,536,536,536
"H214N,K132Q",0.0,536.0,0.0,536,536,536,536
"H214N,L252I,R196Q",0.0,540.0,0.0,540,540,540,540
"H214N,L252V,R196Q",0.0,540.0,0.0,540,540,540,540
"H214N,L252I,R196K",0.0,540.0,0.0,540,540,540,540
"H214N,L252V,R196K",0.0,540.0,0.0,540,540,540,540
"L111I,R196Q",0.0,544.0,0.0,544,544,544,544
"L111V,R196Q",0.0,544.0,0.0,544,544,544,544
"L111I,R196K",0.0,544.0,0.0,544,544,544,544
T256S,0.0,547.0,0.0,547,547,547,547
T256A,0.0,547.0,0.0,547,547,547,547
T256V,0.0,547.0,0.0,547,547,547,547
L252I,0.0,550.0,0.0,550,550,550,550
L252V,0.0,550.0,0.0,550,550,550,550
L252M,0.0,550.0,0.0,550,550,550,550
P142S,0.0,550.0,0.0,550,550,550,550
P142A,0.0,550.0,0.0,550,550,550,550
"L252I,R196Q,T211A",0.0,555.0,0.0,555,555,555,555
"L252V,R196Q,T211A",0.0,555.0,0.0,555,555,555,555
"L252I,R196Q,T211S",0.0,555.0,0.0,555,555,555,555
"L252V,R196Q,T211S",0.0,555.0,0.0,555,555,555,555
"L252I,R196K,T211A",0.0,555.0,0.0,555,555,555,555
"L252V,R196K,T211A",0.0,555.0,0.0,555,555,555,555
"L252M,R196Q,T211A",0.0,555.0,0.0,555,555,555,555
"L252I,R196K,T211S",0.0,555.0,0.0,555,555,555,555
"L252V,R196K,T211S",0.0,555.0,0.0,555,555,555,555
"L252M,R196Q,T211S",0.0,555.0,0.0,555,555,555,555
"L252I,R196H,T211A",0.0,555.0,0.0,555,555,555,555
"L252V,R196H,T211A",0.0,555.0,0.0,555,555,555,555
"L252I,R196H,T211S",0.0,555.0,0.0,555,555,555,555
"L252V,R196H,T211S",0.0,555.0,0.0,555,555,555,555
"L252M,R196K,T211A",0.0,555.0,0.0,555,555,555,555
"R196Q,T211A",0.0,570.0,0.0,570,570,570,570
"R196Q,T211S",0.0,570.0,0.0,570,570,570,570
"R196K,T211A",0.0,570.0,0.0,570,570,570,570
"R196K,T211S",0.0,570.0,0.0,570,570,570,570
"R196H,T211A",0.0,570.0,0.0,570,570,570,570
"R196H,T211S",0.0,570.0,0.0,570,570,570,570
"R196Q,V197M",0.0,570.0,0.0,570,570,570,570
"R196K,V197M",0.0,570.0,0.0,570,570,570,570
"R196Q,V197I",0.0,570.0,0.0,570,570,570,570
"R196H,V197M",0.0,570.0,0.0,570,570,570,570
"R196K,V197I",0.0,570.0,0.0,570,570,570,570
"R196H,V197I",0.0,570.0,0.0,570,570,570,570
"K132Q,T211A",0.0,570.0,0.0,570,570,570,570
"K132Q,T211S",0.0,570.0,0.0,570,570,570,570
"H214N,K132Q,R196Q",0.0,584.0,0.0,584,584,584,584
"H214N,K132Q,R196K",0.0,584.0,0.0,584,584,584,584
"K132Q,R196Q,T211A",0.0,586.0,0.0,586,586,586,586
"K132Q,R196Q,T211S",0.0,586.0,0.0,586,586,586,586
"K132Q,R196K,T211A",0.0,586.0,0.0,586,586,586,586
"K132Q,R196K,T211S",0.0,586.0,0.0,586,586,586,586
"K132Q,R196H,T211A",0.0,586.0,0.0,586,586,586,586
"K132Q,R196H,T211S",0.0,586.0,0.0,586,586,586,586
"R196Q,T211A,T230A",0.0,586.0,0.0,586,586,586,586
"R196Q,T256S",0.0,593.0,0.0,593,593,593,593
"R196Q,T256A",0.0,593.0,0.0,593,593,593,593
"R196K,T256S",0.0,593.0,0.0,593,593,593,593
"R196H,T256S",0.0,593.0,0.0,593,593,593,593
"R196K,T256A",0.0,593.0,0.0,593,593,593,593
"R196Q,T256V",0.0,593.0,0.0,593,593,593,593
"R196H,T256A",0.0,593.0,0.0,593,593,593,593
"L252I,R196Q",0.0,596.5,12.25,593,600,600,593
"L252V,R196Q",0.0,596.5,12.25,593,600,600,593
"L252I,R196K",0.0,596.5,12.25,593,600,600,593
"L252V,R196K",0.0,596.5,12.25,593,600,600,593
"L252M,R196Q",0.0,596.5,12.25,593,600,600,593
"L252I,R196H",0.0,596.5,12.25,593,600,600,593
"L252V,R196H",0.0,596.5,12.25,593,600,600,593
"L252M,R196K",0.0,596.5,12.25,593,600,600,593
"L252M,R196H",0.0,596.5,12.25,593,600,600,593
"P142S,R196Q",0.0,596.5,12.25,593,600,600,593
"P142S,R196K",0.0,596.5,12.25,593,600,600,593
"P142A,R196Q",0.0,596.5,12.25,593,600,600,593
"P142S,R196H",0.0,596.5,12.25,593,600,600,593
"P142A,R196K",0.0,596.5,12.25,593,600,600,593
"P142A,R196H",0.0,596.5,12.25,593,600,600,593
F113Y,0.0,615.0,0.0,615,615,615,615
F113W,0.0,615.0,0.0,615,615,615,615
V122M,0.0,615.0,0.0,615,615,615,615
V122I,0.0,615.0,0.0,615,615,615,615
V122L,0.0,615.0,0.0,615,615,615,615
G105A,0.0,615.0,0.0,615,615,615,615
F113L,0.0,615.0,0.0,615,615,615,615
G105S,0.0,615.0,0.0,615,615,615,615
"F113Y,R196Q",0.0,623.0,0.0,623,623,623,623
"F113Y,R196K",0.0,623.0,0.0,623,623,623,623
"F113Y,R196H",0.0,623.0,0.0,623,623,623,623
R196Q,0.0,626.0,0.0,626,626,626,626
R196K,0.0,626.0,0.0,626,626,626,626
R196H,0.0,626.0,0.0,626,626,626,626
V172I,0.0,626.0,0.0,626,626,626,626
T230A,0.0,626.0,0.0,626,626,626,626
T230S,0.0,626.0,0.0,626,626,626,626
R282Q,0.0,626.0,0.0,626,626,626,626
V172M,0.0,626.0,0.0,626,626,626,626
V172L,0.0,626.0,0.0,626,626,626,626
T230V,0.0,626.0,0.0,626,626,626,626
R282K,0.0,626.0,0.0,626,626,626,626
R282H,0.0,626.0,0.0,626,626,626,626
"K132Q,R196Q",0.0,626.0,0.0,626,626,626,626
"K132Q,R196K",0.0,626.0,0.0,626,626,626,626
"K132Q,R196H",0.0,626.0,0.0,626,626,626,626
"R196Q,V172I",0.0,626.0,0.0,626,626,626,626
"R196Q,T230A",0.0,626.0,0.0,626,626,626,626
"R196K,V172I",0.0,626.0,0.0,626,626,626,626
"R196Q,T230S",0.0,626.0,0.0,626,626,626,626
"R196H,V172I",0.0,626.0,0.0,626,626,626,626
"R196K,T230A",0.0,626.0,0.0,626,626,626,626
"R196K,T230S",0.0,626.0,0.0,626,626,626,626
"R196H,T230A",0.0,626.0,0.0,626,626,626,626
"E271D,R196Q",0.0,626.0,0.0,626,626,626,626
"R196H,T230S",0.0,626.0,0.0,626,626,626,626
"E271Q,R196Q",0.0,626.0,0.0,626,626,626,626
"C275S,R196Q",0.0,626.0,0.0,626,626,626,626
"E271D,R196K",0.0,626.0,0.0,626,626,626,626
"E271Q,R196K",0.0,626.0,0.0,626,626,626,626
"K132H,R196Q",0.0,626.0,0.0,626,626,626,626
"D281N,R196Q",0.0,626.0,0.0,626,626,626,626
"E271D,R196H",0.0,626.0,0.0,626,626,626,626
"C275S,R196K",0.0,626.0,0.0,626,626,626,626
"E271Q,R196H",0.0,626.0,0.0,626,626,626,626
"D281E,R196Q",0.0,626.0,0.0,626,626,626,626
"C275S,R196H",0.0,626.0,0.0,626,626,626,626
"C275A,R196Q",0.0,626.0,0.0,626,626,626,626
"K132H,R196K",0.0,626.0,0.0,626,626,626,626
"D281N,R196K",0.0,626.0,0.0,626,626,626,626
"K132H,R196H",0.0,626.0,0.0,626,626,626,626
"D281N,R196H",0.0,626.0,0.0,626,626,626,626
"D281E,R196K",0.0,626.0,0.0,626,626,626,626
"R196Q,R282Q",0.0,626.0,0.0,626,626,626,626
"C275A,R196K",0.0,626.0,0.0,626,626,626,626
"D281E,R196H",0.0,626.0,0.0,626,626,626,626
"C275A,R196H",0.0,626.0,0.0,626,626,626,626
"R196Q,V172M",0.0,626.0,0.0,626,626,626,626
K132Q,0.0,649.5,552.25,626,626,673,673
E271D,0.0,649.5,552.25,626,626,673,673
E271Q,0.0,649.5,552.25,626,626,673,673
C275S,0.0,649.5,552.25,626,626,673,673
K132H,0.0,649.5,552.25,626,626,673,673
D281N,0.0,649.5,552.25,626,626,673,673
D281E,0.0,649.5,552.25,626,626,673,673
C275A,0.0,649.5,552.25,626,626,673,673
E258Q,0.0,649.5,552.25,626,626,673,673
E258D,0.0,649.5,552.25,626,626,673,673
K132R,0.0,649.5,552.25,626,626,673,673
