target,rescue_mutations,full_mutations,n_rescue,ddg_seed,ddg_total,ddg_gain,rasp_seed,rasp_ddg,rasp_gain,allosteric_dist,docking_affinity,risk,risk_components,set_id,ddg_alphafold,ddg_2ocj_core,ddg_consensus,structures_scored,ddg_std,ddg_range,is_pareto,druggability_score,max_druggability,pocket_flag,n_positions_analyzed,pocket_details,functional_site_conflict,functional_warnings,violated_categories
R175H,S95A,"R175H,S95A",1,9.990000000000009,3.759999999999991,-6.230000000000018,1.7478665038218955,1.1000879251108164,0.647778578711079,26.91532178659866,-6.6687156994355785,0.075,"{""burial"": 0.5, ""conservation"": 0.0, ""functional"": 0.0, ""msa_conservation"": 0.0}",24f34dea4b00bfe55ef926931414f5e7bd1df56b9bb2aeedcc37c40427c7864f,3.759999999999991,3.759999999999991,3.759999999999991,2,0.0,0.0,True,0.625,0.625,🎯 Druggable Pocket,1.0,"{95: {'position': 95, 'druggability_score': 0.625, 'classification': 'High', 'flag': '🎯 Druggable Pocket', 'n_pocket_residues': 32, 'hydrophobic_count': 13, 'aromatic_count': 5, 'charged_count': 9, 'polar_count': 10, 'hydrophobic_ratio': 0.406, 'aromatic_ratio': 0.156, 'rescue_sasa': 14.08, 'pocket_residues': [{'position': 209, 'residue': 'ARG', 'distance': np.float32(1.3810015)}, {'position': 172, 'residue': 'VAL', 'distance': np.float32(11.7300005)}, {'position': 166, 'residue': 'SER', 'distance': np.float32(8.038001)}, {'position': 92, 'residue': 'PRO', 'distance': np.float32(-1.1890001)}, {'position': 212, 'residue': 'PHE', 'distance': np.float32(6.0310006)}, {'position': 169, 'residue': 'MET', 'distance': np.float32(8.9140005)}, {'position': 249, 'residue': 'ARG', 'distance': np.float32(23.617)}, {'position': 91, 'residue': 'TRP', 'distance': np.float32(3.1940012)}, {'position': 97, 'residue': 'VAL', 'distance': np.float32(3.664001)}, {'position': 94, 'residue': 'SER', 'distance': np.float32(-0.5819998)}]}}",False,,[]
R175H,M133L,"M133L,R175H",1,9.990000000000009,4.389999999999986,-5.600000000000023,1.7478665038218955,1.3394171850143861,0.40844931880750934,22.21794062638216,-7.52390061764855,0.0,"{""burial"": 0.0, ""conservation"": 0.0, ""functional"": 0.0, ""msa_conservation"": 0.0}",d158f578a0f0677f2a06ca6c1ec614f97d7526ecada407bc0d6ff80cfb7138ba,4.389999999999986,4.389999999999986,4.389999999999986,2,0.0,0.0,True,0.62,0.62,🎯 Druggable Pocket,1.0,"{133: {'position': 133, 'druggability_score': 0.62, 'classification': 'High', 'flag': '🎯 Druggable Pocket', 'n_pocket_residues': 59, 'hydrophobic_count': 23, 'aromatic_count': 7, 'charged_count': 12, 'polar_count': 21, 'hydrophobic_ratio': 0.39, 'aromatic_ratio': 0.119, 'rescue_sasa': 1.29, 'pocket_residues': [{'position': 129, 'residue': 'ALA', 'distance': np.float32(-1.0950003)}, {'position': 271, 'residue': 'GLU', 'distance': np.float32(-10.365999)}, {'position': 113, 'residue': 'PHE', 'distance': np.float32(4.387)}, {'position': 286, 'residue': 'GLU', 'distance': np.float32(3.6540003)}, {'position': 255, 'residue': 'ILE', 'distance': np.float32(-16.543999)}, {'position': 240, 'residue': 'SER', 'distance': np.float32(-6.9309993)}, {'position': 135, 'residue': 'CYS', 'distance': np.float32(5.852)}, {'position': 132, 'residue': 'LYS', 'distance': np.float32(-3.875)}, {'position': 274, 'residue': 'VAL', 'distance': np.float32(-0.4239998)}, {'position': 277, 'residue': 'CYS', 'distance': np.float32(13.169001)}]}}",False,,[]
R175H,A189S,"A189S,R175H",1,9.990000000000009,4.779999999999973,-5.210000000000036,1.7478665038218955,2.467233918945793,-0.7193674151238976,22.648873676301015,-8.856280547614293,0.0,"{""burial"": 0.0, ""conservation"": 0.0, ""functional"": 0.0, ""msa_conservation"": 0.0}",b9b84b79e626e006ba5d83f5a687db7862abebc47fd7c38f9a48537bfe16c9f2,4.779999999999973,4.779999999999973,4.779999999999973,2,0.0,0.0,True,0.605,0.605,🎯 Druggable Pocket,1.0,"{189: {'position': 189, 'druggability_score': 0.605, 'classification': 'High', 'flag': '🎯 Druggable Pocket', 'n_pocket_residues': 38, 'hydrophobic_count': 13, 'aromatic_count': 7, 'charged_count': 13, 'polar_count': 10, 'hydrophobic_ratio': 0.342, 'aromatic_ratio': 0.184, 'rescue_sasa': 8.04, 'pocket_residues': [{'position': 191, 'residue': 'PRO', 'distance': np.float32(-2.7259998)}, {'position': 197, 'residue': 'VAL', 'distance': np.float32(6.0649996)}, {'position': 196, 'residue': 'ARG', 'distance': np.float32(3.3130002)}, {'position': 218, 'residue': 'VAL', 'distance': np.float32(-2.554)}, {'position': 200, 'residue': 'ASN', 'distance': np.float32(9.027)}, {'position': 187, 'residue': 'GLY', 'distance': np.float32(4.8410006)}, {'position': 215, 'residue': 'SER', 'distance': np.float32(-11.882999)}, {'position': 202, 'residue': 'ARG', 'distance': np.float32(1.1570001)}, {'position': 184, 'residue': 'ASP', 'distance': np.float32(11.038)}, {'position': 237, 'residue': 'MET', 'distance': np.float32(5.909)}]}}",False,,[]
R175H,T211A,"R175H,T211A",1,9.990000000000009,4.889999999999986,-5.100000000000023,1.7478665038218955,2.2022393690576,-0.45437286523570464,25.251126631185443,-8.123894049587403,0.075,"{""burial"": 0.5, ""conservation"": 0.0, ""functional"": 0.0, ""msa_conservation"": 0.0}",a6e0d398c33e4bad946ec12bbe55349c25a739d1ef6d86353039c7ec381f5078,4.889999999999986,4.889999999999986,4.889999999999986,2,0.0,0.0,True,0.633,0.633,🎯 Druggable Pocket,1.0,"{211: {'position': 211, 'druggability_score': 0.633, 'classification': 'High', 'flag': '🎯 Druggable Pocket', 'n_pocket_residues': 30, 'hydrophobic_count': 14, 'aromatic_count': 3, 'charged_count': 8, 'polar_count': 8, 'hydrophobic_ratio': 0.467, 'aromatic_ratio': 0.1, 'rescue_sasa': 24.95, 'pocket_residues': [{'position': 209, 'residue': 'ARG', 'distance': np.float32(-0.276999)}, {'position': 172, 'residue': 'VAL', 'distance': np.float32(10.0720005)}, {'position': 92, 'residue': 'PRO', 'distance': np.float32(-2.8470001)}, {'position': 212, 'residue': 'PHE', 'distance': np.float32(4.3730006)}, {'position': 169, 'residue': 'MET', 'distance': np.float32(7.2560005)}, {'position': 91, 'residue': 'TRP', 'distance': np.float32(1.5360012)}, {'position': 215, 'residue': 'SER', 'distance': np.float32(17.557999)}, {'position': 97, 'residue': 'VAL', 'distance': np.float32(2.006001)}, {'position': 206, 'residue': 'LEU', 'distance': np.float32(14.387)}, {'position': 94, 'residue': 'SER', 'distance': np.float32(-2.2399998)}]}}",False,,[]
R175H,R196Q,"R175H,R196Q",1,9.990000000000009,5.210000000000036,-4.779999999999973,1.7478665038218955,3.319455957357488,-1.5715894535355925,21.11547891228188,-9.251424151785331,0.075,"{""burial"": 0.5, ""conservation"": 0.0, ""functional"": 0.0, ""msa_conservation"": 0.0}",9bcf210a26e75b0a721acd2a0fb98400f2f31cb3d4ac5cd6513ca866b5075300,5.210000000000036,5.210000000000036,5.210000000000036,2,0.0,0.0,True,,,,,,,,
R248Q,R196Q,"R196Q,R248Q",1,-1.9500000000000455,-12.75,-10.799999999999955,0.37004098018255827,1.9416304337181511,-1.571589453535593,23.564103736611848,-7.479800418296302,0.075,"{""burial"": 0.5, ""conservation"": 0.0, ""functional"": 0.0, ""msa_conservation"": 0.0}",9bcf210a26e75b0a721acd2a0fb98400f2f31cb3d4ac5cd6513ca866b5075300,-12.75,-12.75,-12.75,2,0.0,0.0,True,,,,,,,,
R248Q,R196K,"R196K,R248Q",1,-1.9500000000000455,-11.93999999999994,-9.989999999999895,0.37004098018255827,1.8344874446907542,-1.464446464508196,23.564103736611848,-8.493775407973915,0.075,"{""burial"": 0.5, ""conservation"": 0.0, ""functional"": 0.0, ""msa_conservation"": 0.0}",d1eb918382330b0df30cbd2edb754b8cd408dc254de8dd65072dd09aa19e6301,-11.93999999999994,-11.93999999999994,-11.93999999999994,2,0.0,0.0,True,,,,,,,,
R248Q,R196H,"R196H,R248Q",1,-1.9500000000000455,-11.519999999999982,-9.569999999999936,0.37004098018255827,1.462935947612762,-1.0928949674302038,23.564103736611848,-8.823736912655065,0.075,"{""burial"": 0.5, ""conservation"": 0.0, ""functional"": 0.0, ""msa_conservation"": 0.0}",70e176eaa78c3aa1dcf32c5f9097b446599db02ef8ac5bc458fc773a7ff4ef67,-11.519999999999982,-11.519999999999982,-11.519999999999982,2,0.0,0.0,True,,,,,,,,
R248Q,S95A,"R248Q,S95A",1,-1.9500000000000455,-8.17999999999995,-6.2299999999999045,0.37004098018255827,-0.27773759852852076,0.647778578711079,29.363946610928636,-7.143895889102906,0.075,"{""burial"": 0.5, ""conservation"": 0.0, ""functional"": 0.0, ""msa_conservation"": 0.0}",24f34dea4b00bfe55ef926931414f5e7bd1df56b9bb2aeedcc37c40427c7864f,-8.17999999999995,-8.17999999999995,-8.17999999999995,2,0.0,0.0,True,0.625,0.625,🎯 Druggable Pocket,1.0,"{95: {'position': 95, 'druggability_score': 0.625, 'classification': 'High', 'flag': '🎯 Druggable Pocket', 'n_pocket_residues': 32, 'hydrophobic_count': 13, 'aromatic_count': 5, 'charged_count': 9, 'polar_count': 10, 'hydrophobic_ratio': 0.406, 'aromatic_ratio': 0.156, 'rescue_sasa': 14.08, 'pocket_residues': [{'position': 209, 'residue': 'ARG', 'distance': np.float32(1.3810015)}, {'position': 172, 'residue': 'VAL', 'distance': np.float32(11.7300005)}, {'position': 166, 'residue': 'SER', 'distance': np.float32(8.038001)}, {'position': 92, 'residue': 'PRO', 'distance': np.float32(-1.1890001)}, {'position': 212, 'residue': 'PHE', 'distance': np.float32(6.0310006)}, {'position': 169, 'residue': 'MET', 'distance': np.float32(8.9140005)}, {'position': 249, 'residue': 'ARG', 'distance': np.float32(23.617)}, {'position': 91, 'residue': 'TRP', 'distance': np.float32(3.1940012)}, {'position': 97, 'residue': 'VAL', 'distance': np.float32(3.664001)}, {'position': 94, 'residue': 'SER', 'distance': np.float32(-0.5819998)}]}}",False,,[]
R248Q,M133L,"M133L,R248Q",1,-1.9500000000000455,-7.5499999999999545,-5.599999999999909,0.37004098018255827,-0.03840833862495119,0.40844931880750945,24.66656545071213,-8.635160872289754,0.0,"{""burial"": 0.0, ""conservation"": 0.0, ""functional"": 0.0, ""msa_conservation"": 0.0}",d158f578a0f0677f2a06ca6c1ec614f97d7526ecada407bc0d6ff80cfb7138ba,-7.5499999999999545,-7.5499999999999545,-7.5499999999999545,2,0.0,0.0,True,0.62,0.62,🎯 Druggable Pocket,1.0,"{133: {'position': 133, 'druggability_score': 0.62, 'classification': 'High', 'flag': '🎯 Druggable Pocket', 'n_pocket_residues': 59, 'hydrophobic_count': 23, 'aromatic_count': 7, 'charged_count': 12, 'polar_count': 21, 'hydrophobic_ratio': 0.39, 'aromatic_ratio': 0.119, 'rescue_sasa': 1.29, 'pocket_residues': [{'position': 129, 'residue': 'ALA', 'distance': np.float32(-1.0950003)}, {'position': 271, 'residue': 'GLU', 'distance': np.float32(-10.365999)}, {'position': 113, 'residue': 'PHE', 'distance': np.float32(4.387)}, {'position': 286, 'residue': 'GLU', 'distance': np.float32(3.6540003)}, {'position': 255, 'residue': 'ILE', 'distance': np.float32(-16.543999)}, {'position': 240, 'residue': 'SER', 'distance': np.float32(-6.9309993)}, {'position': 135, 'residue': 'CYS', 'distance': np.float32(5.852)}, {'position': 132, 'residue': 'LYS', 'distance': np.float32(-3.875)}, {'position': 274, 'residue': 'VAL', 'distance': np.float32(-0.4239998)}, {'position': 277, 'residue': 'CYS', 'distance': np.float32(13.169001)}]}}",False,,[]
R273H,R196Q,"R196Q,R273H",1,-1.8199999999999363,-12.610000000000014,-10.790000000000077,0.6185834857969199,2.1901729393325127,-1.5715894535355928,19.449063854651108,-8.553034975886158,0.075,"{""burial"": 0.5, ""conservation"": 0.0, ""functional"": 0.0, ""msa_conservation"": 0.0}",9bcf210a26e75b0a721acd2a0fb98400f2f31cb3d4ac5cd6513ca866b5075300,-12.610000000000014,-12.610000000000014,-12.610000000000014,2,0.0,0.0,True,,,,,,,,
R273H,R196K,"R196K,R273H",1,-1.8199999999999363,-11.809999999999945,-9.990000000000009,0.6185834857969199,2.0830299503051157,-1.4644464645081958,19.449063854651108,-6.8741077491043185,0.075,"{""burial"": 0.5, ""conservation"": 0.0, ""functional"": 0.0, ""msa_conservation"": 0.0}",d1eb918382330b0df30cbd2edb754b8cd408dc254de8dd65072dd09aa19e6301,-11.809999999999945,-11.809999999999945,-11.809999999999945,2,0.0,0.0,True,,,,,,,,
R273H,R196H,"R196H,R273H",1,-1.8199999999999363,-11.379999999999995,-9.56000000000006,0.6185834857969199,1.7114784532271237,-1.0928949674302038,19.449063854651108,-6.158419365669321,0.075,"{""burial"": 0.5, ""conservation"": 0.0, ""functional"": 0.0, ""msa_conservation"": 0.0}",70e176eaa78c3aa1dcf32c5f9097b446599db02ef8ac5bc458fc773a7ff4ef67,-11.379999999999995,-11.379999999999995,-11.379999999999995,2,0.0,0.0,True,,,,,,,,
R273H,S95A,"R273H,S95A",1,-1.8199999999999363,-8.049999999999955,-6.230000000000018,0.6185834857969199,-0.029195092914159115,0.647778578711079,25.248906728967896,-6.173749191575013,0.075,"{""burial"": 0.5, ""conservation"": 0.0, ""functional"": 0.0, ""msa_conservation"": 0.0}",24f34dea4b00bfe55ef926931414f5e7bd1df56b9bb2aeedcc37c40427c7864f,-8.049999999999955,-8.049999999999955,-8.049999999999955,2,0.0,0.0,True,0.625,0.625,🎯 Druggable Pocket,1.0,"{95: {'position': 95, 'druggability_score': 0.625, 'classification': 'High', 'flag': '🎯 Druggable Pocket', 'n_pocket_residues': 32, 'hydrophobic_count': 13, 'aromatic_count': 5, 'charged_count': 9, 'polar_count': 10, 'hydrophobic_ratio': 0.406, 'aromatic_ratio': 0.156, 'rescue_sasa': 14.08, 'pocket_residues': [{'position': 209, 'residue': 'ARG', 'distance': np.float32(1.3810015)}, {'position': 172, 'residue': 'VAL', 'distance': np.float32(11.7300005)}, {'position': 166, 'residue': 'SER', 'distance': np.float32(8.038001)}, {'position': 92, 'residue': 'PRO', 'distance': np.float32(-1.1890001)}, {'position': 212, 'residue': 'PHE', 'distance': np.float32(6.0310006)}, {'position': 169, 'residue': 'MET', 'distance': np.float32(8.9140005)}, {'position': 249, 'residue': 'ARG', 'distance': np.float32(23.617)}, {'position': 91, 'residue': 'TRP', 'distance': np.float32(3.1940012)}, {'position': 97, 'residue': 'VAL', 'distance': np.float32(3.664001)}, {'position': 94, 'residue': 'SER', 'distance': np.float32(-0.5819998)}]}}",False,,[]
R273H,T211A,"R273H,T211A",1,-1.8199999999999363,-7.230000000000018,-5.410000000000082,0.6185834857969199,1.0729563510326248,-0.45437286523570486,23.584711573554674,-8.367416146500148,0.075,"{""burial"": 0.5, ""conservation"": 0.0, ""functional"": 0.0, ""msa_conservation"": 0.0}",a6e0d398c33e4bad946ec12bbe55349c25a739d1ef6d86353039c7ec381f5078,-7.230000000000018,-7.230000000000018,-7.230000000000018,2,0.0,0.0,True,0.633,0.633,🎯 Druggable Pocket,1.0,"{211: {'position': 211, 'druggability_score': 0.633, 'classification': 'High', 'flag': '🎯 Druggable Pocket', 'n_pocket_residues': 30, 'hydrophobic_count': 14, 'aromatic_count': 3, 'charged_count': 8, 'polar_count': 8, 'hydrophobic_ratio': 0.467, 'aromatic_ratio': 0.1, 'rescue_sasa': 24.95, 'pocket_residues': [{'position': 209, 'residue': 'ARG', 'distance': np.float32(-0.276999)}, {'position': 172, 'residue': 'VAL', 'distance': np.float32(10.0720005)}, {'position': 92, 'residue': 'PRO', 'distance': np.float32(-2.8470001)}, {'position': 212, 'residue': 'PHE', 'distance': np.float32(4.3730006)}, {'position': 169, 'residue': 'MET', 'distance': np.float32(7.2560005)}, {'position': 91, 'residue': 'TRP', 'distance': np.float32(1.5360012)}, {'position': 215, 'residue': 'SER', 'distance': np.float32(17.557999)}, {'position': 97, 'residue': 'VAL', 'distance': np.float32(2.006001)}, {'position': 206, 'residue': 'LEU', 'distance': np.float32(14.387)}, {'position': 94, 'residue': 'SER', 'distance': np.float32(-2.2399998)}]}}",False,,[]
Y220C,R196Q,"R196Q,Y220C",1,7.159999999999968,-3.6299999999999955,-10.789999999999964,,5.562346639243336,,7.949844733107533,-7.903627341527526,0.075,"{""burial"": 0.5, ""conservation"": 0.0, ""functional"": 0.0, ""msa_conservation"": 0.0}",9bcf210a26e75b0a721acd2a0fb98400f2f31cb3d4ac5cd6513ca866b5075300,-3.6299999999999955,-3.6299999999999955,-3.6299999999999955,2,0.0,0.0,True,,,,,,,,
Y220C,R196K,"R196K,Y220C",1,7.159999999999968,-2.830000000000041,-9.990000000000009,,5.45520365021594,,7.949844733107533,-5.67832174268419,0.075,"{""burial"": 0.5, ""conservation"": 0.0, ""functional"": 0.0, ""msa_conservation"": 0.0}",d1eb918382330b0df30cbd2edb754b8cd408dc254de8dd65072dd09aa19e6301,-2.830000000000041,-2.830000000000041,-2.830000000000041,2,0.0,0.0,True,,,,,,,,
Y220C,R196H,"R196H,Y220C",1,7.159999999999968,-2.3999999999999773,-9.559999999999945,,5.0836521531379475,,7.949844733107533,-6.325209256936738,0.075,"{""burial"": 0.5, ""conservation"": 0.0, ""functional"": 0.0, ""msa_conservation"": 0.0}",70e176eaa78c3aa1dcf32c5f9097b446599db02ef8ac5bc458fc773a7ff4ef67,-2.3999999999999773,-2.3999999999999773,-2.3999999999999773,2,0.0,0.0,True,,,,,,,,
Y220C,S95A,"S95A,Y220C",1,7.159999999999968,0.9300000000000637,-6.2299999999999045,,3.342978606996665,,13.749687607424317,-8.907596711379345,0.075,"{""burial"": 0.5, ""conservation"": 0.0, ""functional"": 0.0, ""msa_conservation"": 0.0}",24f34dea4b00bfe55ef926931414f5e7bd1df56b9bb2aeedcc37c40427c7864f,0.9300000000000637,0.9300000000000637,0.9300000000000637,2,0.0,0.0,True,0.625,0.625,🎯 Druggable Pocket,1.0,"{95: {'position': 95, 'druggability_score': 0.625, 'classification': 'High', 'flag': '🎯 Druggable Pocket', 'n_pocket_residues': 32, 'hydrophobic_count': 13, 'aromatic_count': 5, 'charged_count': 9, 'polar_count': 10, 'hydrophobic_ratio': 0.406, 'aromatic_ratio': 0.156, 'rescue_sasa': 14.08, 'pocket_residues': [{'position': 209, 'residue': 'ARG', 'distance': np.float32(1.3810015)}, {'position': 172, 'residue': 'VAL', 'distance': np.float32(11.7300005)}, {'position': 166, 'residue': 'SER', 'distance': np.float32(8.038001)}, {'position': 92, 'residue': 'PRO', 'distance': np.float32(-1.1890001)}, {'position': 212, 'residue': 'PHE', 'distance': np.float32(6.0310006)}, {'position': 169, 'residue': 'MET', 'distance': np.float32(8.9140005)}, {'position': 249, 'residue': 'ARG', 'distance': np.float32(23.617)}, {'position': 91, 'residue': 'TRP', 'distance': np.float32(3.1940012)}, {'position': 97, 'residue': 'VAL', 'distance': np.float32(3.664001)}, {'position': 94, 'residue': 'SER', 'distance': np.float32(-0.5819998)}]}}",False,,[]
Y220C,M133L,"M133L,Y220C",1,7.159999999999968,1.5600000000000591,-5.599999999999909,,3.5823078669002344,,9.052306447207814,-6.11369397331056,0.0,"{""burial"": 0.0, ""conservation"": 0.0, ""functional"": 0.0, ""msa_conservation"": 0.0}",d158f578a0f0677f2a06ca6c1ec614f97d7526ecada407bc0d6ff80cfb7138ba,1.5600000000000591,1.5600000000000591,1.5600000000000591,2,0.0,0.0,True,0.62,0.62,🎯 Druggable Pocket,1.0,"{133: {'position': 133, 'druggability_score': 0.62, 'classification': 'High', 'flag': '🎯 Druggable Pocket', 'n_pocket_residues': 59, 'hydrophobic_count': 23, 'aromatic_count': 7, 'charged_count': 12, 'polar_count': 21, 'hydrophobic_ratio': 0.39, 'aromatic_ratio': 0.119, 'rescue_sasa': 1.29, 'pocket_residues': [{'position': 129, 'residue': 'ALA', 'distance': np.float32(-1.0950003)}, {'position': 271, 'residue': 'GLU', 'distance': np.float32(-10.365999)}, {'position': 113, 'residue': 'PHE', 'distance': np.float32(4.387)}, {'position': 286, 'residue': 'GLU', 'distance': np.float32(3.6540003)}, {'position': 255, 'residue': 'ILE', 'distance': np.float32(-16.543999)}, {'position': 240, 'residue': 'SER', 'distance': np.float32(-6.9309993)}, {'position': 135, 'residue': 'CYS', 'distance': np.float32(5.852)}, {'position': 132, 'residue': 'LYS', 'distance': np.float32(-3.875)}, {'position': 274, 'residue': 'VAL', 'distance': np.float32(-0.4239998)}, {'position': 277, 'residue': 'CYS', 'distance': np.float32(13.169001)}]}}",False,,[]
