target,rescue_mutations,full_mutations,n_rescue,ddg_seed,ddg_total,ddg_gain,rasp_seed,rasp_ddg,rasp_gain,allosteric_dist,docking_affinity,risk,risk_components,set_id,ddg_alphafold,ddg_2ocj_core,ddg_consensus,structures_scored,ddg_std,ddg_range,is_pareto,dna_binding_impact_score,dna_binding_risk,dna_contacts_any,dna_binding_details
Y220C,R196Q,"R196Q,Y220C",1,7.159999999999968,-3.6299999999999955,-10.789999999999964,3.9907571857077437,5.562346639243336,-1.5715894535355925,7.949844733107533,-8.166872882792648,0.2283684534653906,"{""burial"": 0.5, ""conservation"": 0.0, ""functional"": 0.0, ""msa_conservation"": 0.6134738138615623}",9bcf210a26e75b0a721acd2a0fb98400f2f31cb3d4ac5cd6513ca866b5075300,-3.6299999999999955,-3.6299999999999955,-3.6299999999999955,2,0.0,0.0,True,0,safe,False,"[{'position': 196, 'contacts_dna': False, 'impact': 'none', 'impact_score': 0.0, 'risk_level': 'safe', 'explanation': 'Position 196 does not contact DNA'}]"
Y220C,R196K,"R196K,Y220C",1,7.159999999999968,-2.830000000000041,-9.990000000000009,3.9907571857077437,5.45520365021594,-1.464446464508196,7.949844733107533,-5.967262121447975,0.2283684534653906,"{""burial"": 0.5, ""conservation"": 0.0, ""functional"": 0.0, ""msa_conservation"": 0.6134738138615623}",d1eb918382330b0df30cbd2edb754b8cd408dc254de8dd65072dd09aa19e6301,-2.830000000000041,-2.830000000000041,-2.830000000000041,2,0.0,0.0,True,0,safe,False,"[{'position': 196, 'contacts_dna': False, 'impact': 'none', 'impact_score': 0.0, 'risk_level': 'safe', 'explanation': 'Position 196 does not contact DNA'}]"
Y220C,R196H,"R196H,Y220C",1,7.159999999999968,-2.3999999999999773,-9.559999999999945,3.9907571857077437,5.0836521531379475,-1.0928949674302038,7.949844733107533,-6.573267076115263,0.2283684534653906,"{""burial"": 0.5, ""conservation"": 0.0, ""functional"": 0.0, ""msa_conservation"": 0.6134738138615623}",70e176eaa78c3aa1dcf32c5f9097b446599db02ef8ac5bc458fc773a7ff4ef67,-2.3999999999999773,-2.3999999999999773,-2.3999999999999773,2,0.0,0.0,True,0,safe,False,"[{'position': 196, 'contacts_dna': False, 'impact': 'none', 'impact_score': 0.0, 'risk_level': 'safe', 'explanation': 'Position 196 does not contact DNA'}]"
Y220C,S95A,"S95A,Y220C",1,7.159999999999968,0.9300000000000637,-6.2299999999999045,3.9907571857077437,3.342978606996665,0.6477785787110788,13.749687607424317,-5.713035339508455,0.1861884977302301,"{""burial"": 0.5, ""conservation"": 0.0, ""functional"": 0.0, ""msa_conservation"": 0.4447539909209204}",24f34dea4b00bfe55ef926931414f5e7bd1df56b9bb2aeedcc37c40427c7864f,0.9300000000000637,0.9300000000000637,0.9300000000000637,2,0.0,0.0,True,0,safe,False,"[{'position': 95, 'contacts_dna': False, 'impact': 'none', 'impact_score': 0.0, 'risk_level': 'safe', 'explanation': 'Position 95 does not contact DNA'}]"
Y220C,M133L,"M133L,Y220C",1,7.159999999999968,1.5600000000000591,-5.599999999999909,3.9907571857077437,3.5823078669002344,0.40844931880750934,9.052306447207814,-8.563086694632931,0.12005826865120725,"{""burial"": 0.0, ""conservation"": 0.0, ""functional"": 0.0, ""msa_conservation"": 0.480233074604829}",d158f578a0f0677f2a06ca6c1ec614f97d7526ecada407bc0d6ff80cfb7138ba,1.5600000000000591,1.5600000000000591,1.5600000000000591,2,0.0,0.0,True,0,safe,False,"[{'position': 133, 'contacts_dna': False, 'impact': 'none', 'impact_score': 0.0, 'risk_level': 'safe', 'explanation': 'Position 133 does not contact DNA'}]"
Y220C,C229A,"C229A,Y220C",1,7.159999999999968,2.769999999999982,-4.389999999999986,3.9907571857077437,4.6000903111368885,-0.6093331254291448,0.0,-7.761518969873526,0.16107917176765063,"{""burial"": 0.5, ""conservation"": 0.0, ""functional"": 0.0, ""msa_conservation"": 0.3443166870706025}",e6021874fe9591797f251d314b8bee746bf45d2f4af4217d473aa9aa333d8099,2.769999999999982,2.769999999999982,2.769999999999982,2,0.0,0.0,True,0,safe,False,"[{'position': 229, 'contacts_dna': False, 'impact': 'none', 'impact_score': 0.0, 'risk_level': 'safe', 'explanation': 'Position 229 does not contact DNA'}]"
Y220C,S269A,"S269A,Y220C",1,7.159999999999968,3.060000000000059,-4.099999999999909,3.9907571857077437,3.812328113187174,0.17842907252056994,8.171211171950066,-6.261502243452251,0.19249529677508065,"{""burial"": 0.5, ""conservation"": 0.0, ""functional"": 0.0, ""msa_conservation"": 0.46998118710032266}",52f351475da3155d0cd84ef38dfe4336082b002bec20526c042607e4d2afd39f,3.060000000000059,3.060000000000059,3.060000000000059,2,0.0,0.0,True,0,safe,False,"[{'position': 269, 'contacts_dna': False, 'impact': 'none', 'impact_score': 0.0, 'risk_level': 'safe', 'explanation': 'Position 269 does not contact DNA'}]"
Y220C,A189G,"A189G,Y220C",1,7.159999999999968,3.080000000000041,-4.079999999999927,3.9907571857077437,5.518156870349325,-1.5273996846415816,9.48323949712667,-9.352271635865428,0.1249915051564516,"{""burial"": 0.0, ""conservation"": 0.0, ""functional"": 0.0, ""msa_conservation"": 0.4999660206258064}",8f649a43c8d96cbabd6234c4aaa623ff251b579626f7eefbe4ba5d313a09e09c,3.080000000000041,3.080000000000041,3.080000000000041,2,0.0,0.0,True,0,safe,False,"[{'position': 189, 'contacts_dna': False, 'impact': 'none', 'impact_score': 0.0, 'risk_level': 'safe', 'explanation': 'Position 189 does not contact DNA'}]"
Y220C,K132Q,"K132Q,Y220C",1,7.159999999999968,3.519999999999982,-3.6399999999999864,3.9907571857077437,5.887819881254872,-1.8970626955471284,9.887983454520693,-9.447338129722322,0.2283684534653906,"{""burial"": 0.5, ""conservation"": 0.0, ""functional"": 0.0, ""msa_conservation"": 0.6134738138615624}",2f63f8f8aedc86049d5787cdacb00971410fef28fe4a053a00fac0eb08d4434b,3.519999999999982,3.519999999999982,3.519999999999982,2,0.0,0.0,True,0,safe,False,"[{'position': 132, 'contacts_dna': False, 'impact': 'none', 'impact_score': 0.0, 'risk_level': 'safe', 'explanation': 'Position 132 does not contact DNA'}]"
Y220C,L252V,"L252V,Y220C",1,7.159999999999968,3.9300000000000637,-3.2299999999999045,3.9907571857077437,4.6951612537803245,-0.7044040680725807,10.492302025505824,-9.01821793757821,0.22159148833566927,"{""burial"": 0.5, ""conservation"": 0.0, ""functional"": 0.0, ""msa_conservation"": 0.586365953342677}",141265c4bed23a7041c5424ff730d53450091fdbfc0c0e52da18ee2db12a2ea2,3.9300000000000637,3.9300000000000637,3.9300000000000637,2,0.0,0.0,True,0,safe,False,"[{'position': 252, 'contacts_dna': False, 'impact': 'none', 'impact_score': 0.0, 'risk_level': 'safe', 'explanation': 'Position 252 does not contact DNA'}]"
Y220C,Y163F,"Y163F,Y220C",1,7.159999999999968,4.039999999999964,-3.1200000000000045,3.9907571857077437,4.0458204428289,-0.055063257121156006,12.885900531011295,-9.00731167436144,0.15336845346539058,"{""burial"": 0.0, ""conservation"": 0.0, ""functional"": 0.0, ""msa_conservation"": 0.6134738138615623}",d5567b1ef2f55e2cf38060786bb0528d55971412cf0e3d7bb0c4291da2cede9c,4.039999999999964,4.039999999999964,4.039999999999964,2,0.0,0.0,True,0,safe,False,"[{'position': 163, 'contacts_dna': False, 'impact': 'none', 'impact_score': 0.0, 'risk_level': 'safe', 'explanation': 'Position 163 does not contact DNA'}]"
Y220C,S215A,"S215A,Y220C",1,7.159999999999968,4.149999999999977,-3.009999999999991,3.9907571857077437,3.808289808077548,0.18246737763019594,7.690578433581339,-9.14518305266752,0.15336845346539058,"{""burial"": 0.0, ""conservation"": 0.0, ""functional"": 0.0, ""msa_conservation"": 0.6134738138615623}",d5f7bac14301b8a10aeef674ff58aa2319ac27477d454b4336020b91cddd84a2,4.149999999999977,4.149999999999977,4.149999999999977,2,0.0,0.0,True,0,safe,False,"[{'position': 215, 'contacts_dna': False, 'impact': 'none', 'impact_score': 0.0, 'risk_level': 'safe', 'explanation': 'Position 215 does not contact DNA'}]"
Y220C,R213Q,"R213Q,Y220C",1,7.159999999999968,4.220000000000027,-2.939999999999941,3.9907571857077437,5.382432704284051,-1.3916755185763074,10.641326208998958,-9.486573273835635,0.14659148833566926,"{""burial"": 0.0, ""conservation"": 0.0, ""functional"": 0.0, ""msa_conservation"": 0.586365953342677}",5d5a5f82a86894cfd0427f0b629f744cebf7a8fd8a369ef4490af7e402b8a314,4.220000000000027,4.220000000000027,4.220000000000027,2,0.0,0.0,True,0,safe,False,"[{'position': 213, 'contacts_dna': False, 'impact': 'none', 'impact_score': 0.0, 'risk_level': 'safe', 'explanation': 'Position 213 does not contact DNA'}]"
Y220C,V147L,"V147L,Y220C",1,7.159999999999968,4.440000000000055,-2.7199999999999136,3.9907571857077437,4.3497528945683905,-0.3589957088606468,3.699124521346405,-5.813319167901842,0.20959015987808616,"{""burial"": 0.5, ""conservation"": 0.0, ""functional"": 0.0, ""msa_conservation"": 0.5383606395123446}",44f2cf7d6494a7c34678dba0bda694b680747b3171fa765b2a79cafb14863e67,4.440000000000055,4.440000000000055,4.440000000000055,2,0.0,0.0,True,0,safe,False,"[{'position': 147, 'contacts_dna': False, 'impact': 'none', 'impact_score': 0.0, 'risk_level': 'safe', 'explanation': 'Position 147 does not contact DNA'}]"
Y220C,M133V,"M133V,Y220C",1,7.159999999999968,4.590000000000032,-2.5699999999999363,3.9907571857077437,4.129488525172436,-0.13873133946469185,9.052306447207814,-9.093039608952402,0.12005826865120725,"{""burial"": 0.0, ""conservation"": 0.0, ""functional"": 0.0, ""msa_conservation"": 0.480233074604829}",7f0c998231e732022efc35e0baaa3a335af7c55e6a9ccc2ff339ffb079423168,4.590000000000032,4.590000000000032,4.590000000000032,2,0.0,0.0,True,0,safe,False,"[{'position': 133, 'contacts_dna': False, 'impact': 'none', 'impact_score': 0.0, 'risk_level': 'safe', 'explanation': 'Position 133 does not contact DNA'}]"
Y220C,V172I,"V172I,Y220C",1,7.159999999999968,4.82000000000005,-2.339999999999918,3.9907571857077437,3.4686856662835686,0.5220715194241752,12.742216240004376,-6.9765076195789,0.2283684534653906,"{""burial"": 0.5, ""conservation"": 0.0, ""functional"": 0.0, ""msa_conservation"": 0.6134738138615623}",7bc9a7a5c447dd0a983e7991dac10e105dc6a38a762323d6945c1c24208b71f4,4.82000000000005,4.82000000000005,4.82000000000005,2,0.0,0.0,True,0,safe,False,"[{'position': 172, 'contacts_dna': False, 'impact': 'none', 'impact_score': 0.0, 'risk_level': 'safe', 'explanation': 'Position 172 does not contact DNA'}]"
Y220C,I162M,"I162M,Y220C",1,7.159999999999968,4.8700000000000045,-2.2899999999999636,3.9907571857077437,5.038140005606281,-1.0473828198985373,11.156163490451528,-9.319699610636897,0.12383480688256387,"{""burial"": 0.0, ""conservation"": 0.0, ""functional"": 0.0, ""msa_conservation"": 0.4953392275302555}",bb93a5fd41e810f469378e749c6bbd9461fed107c658b29376333f60b9cd5e0c,4.8700000000000045,4.8700000000000045,4.8700000000000045,2,0.0,0.0,True,0,safe,False,"[{'position': 162, 'contacts_dna': False, 'impact': 'none', 'impact_score': 0.0, 'risk_level': 'safe', 'explanation': 'Position 162 does not contact DNA'}]"
Y220C,T230A,"T230A,Y220C",1,7.159999999999968,5.519999999999982,-1.6399999999999864,3.9907571857077437,4.562997454443884,-0.5722402687361399,0.0,-8.427955955545734,0.2283684534653906,"{""burial"": 0.5, ""conservation"": 0.0, ""functional"": 0.0, ""msa_conservation"": 0.6134738138615623}",2454345b75b03e03cf643ed6acab1301fc645fa730d572c2a8d95af859f29375,5.519999999999982,5.519999999999982,5.519999999999982,2,0.0,0.0,True,0,safe,False,"[{'position': 230, 'contacts_dna': False, 'impact': 'none', 'impact_score': 0.0, 'risk_level': 'safe', 'explanation': 'Position 230 does not contact DNA'}]"
Y220C,V147I,"V147I,Y220C",1,7.159999999999968,5.669999999999959,-1.490000000000009,3.9907571857077437,4.247131148150117,-0.25637396244237287,3.699124521346405,-7.653721484554474,0.20959015987808616,"{""burial"": 0.5, ""conservation"": 0.0, ""functional"": 0.0, ""msa_conservation"": 0.5383606395123446}",dcb201cdbe80d287f01dc42d2ab7cead48468f36d095420b1e059dc8afd9d962,5.669999999999959,5.669999999999959,5.669999999999959,2,0.0,0.0,True,0,safe,False,"[{'position': 147, 'contacts_dna': False, 'impact': 'none', 'impact_score': 0.0, 'risk_level': 'safe', 'explanation': 'Position 147 does not contact DNA'}]"
Y220C,L145I,"L145I,Y220C",1,7.159999999999968,5.7000000000000455,-1.4599999999999227,3.9907571857077437,4.835869045513857,-0.8451118598061136,2.554254524333733,-6.572738268620974,0.10045549712790386,"{""burial"": 0.0, ""conservation"": 0.0, ""functional"": 0.0, ""msa_conservation"": 0.40182198851161544}",4fd19f7ad60eabdfa1fcbb1f15310cd57fef83e8b67eb35db0a03ad188a6455d,5.7000000000000455,5.7000000000000455,5.7000000000000455,2,0.0,0.0,True,0,safe,False,"[{'position': 145, 'contacts_dna': False, 'impact': 'none', 'impact_score': 0.0, 'risk_level': 'safe', 'explanation': 'Position 145 does not contact DNA'}]"
Y220C,T230S,"T230S,Y220C",1,7.159999999999968,5.769999999999982,-1.3899999999999864,3.9907571857077437,5.109808913081832,-1.1190517273740879,0.0,-8.667481462379259,0.2283684534653906,"{""burial"": 0.5, ""conservation"": 0.0, ""functional"": 0.0, ""msa_conservation"": 0.6134738138615623}",a83848b0b4ff3ed025b0c8b7f1cf0c599f02fc4a598685398c19fff43e93fe38,5.769999999999982,5.769999999999982,5.769999999999982,2,0.0,0.0,True,0,safe,False,"[{'position': 230, 'contacts_dna': False, 'impact': 'none', 'impact_score': 0.0, 'risk_level': 'safe', 'explanation': 'Position 230 does not contact DNA'}]"
Y220C,T155A,"T155A,Y220C",1,7.159999999999968,7.149999999999977,-0.009999999999990905,3.9907571857077437,4.542370138506484,-0.5516129527987399,2.728827467555757,-8.552948612815392,0.09523896142570046,"{""burial"": 0.0, ""conservation"": 0.0, ""functional"": 0.0, ""msa_conservation"": 0.38095584570280183}",2ee93b8200549967ed4793074955369c73275b3dd4ea6bc7040b212dbe1bc34e,7.149999999999977,7.149999999999977,7.149999999999977,2,0.0,0.0,True,0,safe,False,"[{'position': 155, 'contacts_dna': False, 'impact': 'none', 'impact_score': 0.0, 'risk_level': 'safe', 'explanation': 'Position 155 does not contact DNA'}]"
Y220C,P142S,"P142S,Y220C",1,7.159999999999968,7.669999999999959,0.5099999999999909,3.9907571857077437,4.303484643508841,-0.31272745780109723,4.9591682222714635,-7.68687308756226,0.22159148833566927,"{""burial"": 0.5, ""conservation"": 0.0, ""functional"": 0.0, ""msa_conservation"": 0.586365953342677}",a3e8186055f1454895eeed719bcbcfeab37b440b1c3111124db42231ae2632dc,7.669999999999959,7.669999999999959,7.669999999999959,2,0.0,0.0,True,0,safe,False,"[{'position': 142, 'contacts_dna': False, 'impact': 'none', 'impact_score': 0.0, 'risk_level': 'safe', 'explanation': 'Position 142 does not contact DNA'}]"
Y220C,T256S,"T256S,Y220C",1,7.159999999999968,7.710000000000036,0.5500000000000682,3.9907571857077437,4.7854829836074595,-0.7947257978997158,5.412317124023774,-8.652174115588782,0.22159148833566922,"{""burial"": 0.5, ""conservation"": 0.0, ""functional"": 0.0, ""msa_conservation"": 0.5863659533426769}",ba75550f8dc8787e4f8355423ac85d3bb26186c50f711cd247c2b3e6090b8058,7.710000000000036,7.710000000000036,7.710000000000036,2,0.0,0.0,True,0,safe,False,"[{'position': 256, 'contacts_dna': False, 'impact': 'none', 'impact_score': 0.0, 'risk_level': 'safe', 'explanation': 'Position 256 does not contact DNA'}]"
Y220C,N235S,"N235S,Y220C",1,7.159999999999968,7.980000000000018,0.82000000000005,3.9907571857077437,5.079179731616543,-1.0884225459087995,8.37332500959497,-9.299865638101043,0.19295572264521593,"{""burial"": 0.5, ""conservation"": 0.0, ""functional"": 0.0, ""msa_conservation"": 0.4718228905808638}",c5bc74c8ef483024e666572a1562726ffcda03ef7561717e7d5d5ff8ed842876,7.980000000000018,7.980000000000018,7.980000000000018,2,0.0,0.0,True,0,safe,False,"[{'position': 235, 'contacts_dna': False, 'impact': 'none', 'impact_score': 0.0, 'risk_level': 'safe', 'explanation': 'Position 235 does not contact DNA'}]"
Y220C,L145V,"L145V,Y220C",1,7.159999999999968,8.110000000000014,0.9500000000000455,3.9907571857077437,5.277048096849404,-1.28629091114166,2.554254524333733,-7.621966412338983,0.10045549712790386,"{""burial"": 0.0, ""conservation"": 0.0, ""functional"": 0.0, ""msa_conservation"": 0.40182198851161544}",fb4a2be0c7d15de8f077941897e40d1beda12fe2ad4137fbb72be18de81ea4c5,8.110000000000014,8.110000000000014,8.110000000000014,2,0.0,0.0,True,0,safe,False,"[{'position': 145, 'contacts_dna': False, 'impact': 'none', 'impact_score': 0.0, 'risk_level': 'safe', 'explanation': 'Position 145 does not contact DNA'}]"
Y220C,C141A,"C141A,Y220C",1,7.159999999999968,8.269999999999982,1.1100000000000136,3.9907571857077437,4.223877128165108,-0.233119942457364,6.752960121157922,-8.570832682931588,0.12499150515645158,"{""burial"": 0.0, ""conservation"": 0.0, ""functional"": 0.0, ""msa_conservation"": 0.4999660206258063}",359d2a8dc1442dc2fd5dd5739b0a59e5bf2106b679cae6c56ea9f7361604433b,8.269999999999982,8.269999999999982,8.269999999999982,2,0.0,0.0,True,0,safe,False,"[{'position': 141, 'contacts_dna': False, 'impact': 'none', 'impact_score': 0.0, 'risk_level': 'safe', 'explanation': 'Position 141 does not contact DNA'}]"
Y220C,T256A,"T256A,Y220C",1,7.159999999999968,8.279999999999973,1.1200000000000045,3.9907571857077437,4.165904721384591,-0.17514753567684682,5.412317124023774,-5.683471739263213,0.22159148833566922,"{""burial"": 0.5, ""conservation"": 0.0, ""functional"": 0.0, ""msa_conservation"": 0.5863659533426769}",933036193a98ab02a5124e62c105aad0d3588d89078518218e8e049c88d561cf,8.279999999999973,8.279999999999973,8.279999999999973,2,0.0,0.0,True,0,safe,False,"[{'position': 256, 'contacts_dna': False, 'impact': 'none', 'impact_score': 0.0, 'risk_level': 'safe', 'explanation': 'Position 256 does not contact DNA'}]"
Y220C,I255V,"I255V,Y220C",1,7.159999999999968,8.370000000000005,1.2100000000000364,3.9907571857077437,4.891121757665411,-0.9003645719576676,6.035907113484864,-9.203813364971325,0.1264667933916919,"{""burial"": 0.0, ""conservation"": 0.0, ""functional"": 0.0, ""msa_conservation"": 0.5058671735667676}",b093325b7f11718c10b1738c05a529fa52724d4a0b559339266a6d5a864fc957,8.370000000000005,8.370000000000005,8.370000000000005,2,0.0,0.0,True,0,safe,False,"[{'position': 255, 'contacts_dna': False, 'impact': 'none', 'impact_score': 0.0, 'risk_level': 'safe', 'explanation': 'Position 255 does not contact DNA'}]"
Y220C,Y234F,"Y220C,Y234F",1,7.159999999999968,8.389999999999986,1.2300000000000182,3.9907571857077437,4.338649240497666,-0.3478920547899227,6.507154195583324,-9.442078642527052,0.12646679339169192,"{""burial"": 0.0, ""conservation"": 0.0, ""functional"": 0.0, ""msa_conservation"": 0.5058671735667677}",298da05c620fdf805daab8200026e13bbcba1aba1cc3a4ebaad12fd741c3a0c2,8.389999999999986,8.389999999999986,8.389999999999986,2,0.0,0.0,True,0,safe,False,"[{'position': 234, 'contacts_dna': False, 'impact': 'none', 'impact_score': 0.0, 'risk_level': 'safe', 'explanation': 'Position 234 does not contact DNA'}]"
Y220C,D281E,"D281E,Y220C",1,7.159999999999968,8.549999999999955,1.3899999999999864,3.9907571857077437,4.696285065262201,-0.7055278795544568,13.915076859783127,-9.466573651718791,0.2283684534653906,"{""burial"": 0.5, ""conservation"": 0.0, ""functional"": 0.0, ""msa_conservation"": 0.6134738138615624}",4355fe3eb36212b557ed83008f2a319d9a91accbe39de98bae422b6ab17dae00,8.549999999999955,8.549999999999955,8.549999999999955,2,0.0,0.0,True,0,safe,False,"[{'position': 281, 'contacts_dna': False, 'impact': 'none', 'impact_score': 0.0, 'risk_level': 'safe', 'explanation': 'Position 281 does not contact DNA'}]"
Y220C,S215N,"S215N,Y220C",1,7.159999999999968,8.639999999999986,1.4800000000000182,3.9907571857077437,4.321276578128444,-0.33051939242070016,7.690578433581339,-9.30029050083774,0.15336845346539058,"{""burial"": 0.0, ""conservation"": 0.0, ""functional"": 0.0, ""msa_conservation"": 0.6134738138615623}",85b6edddfe5e0579905dbca6cf7d59fa5cccb236e1ce0d9ee880f61bd048eff3,8.639999999999986,8.639999999999986,8.639999999999986,2,0.0,0.0,True,0,safe,False,"[{'position': 215, 'contacts_dna': False, 'impact': 'none', 'impact_score': 0.0, 'risk_level': 'safe', 'explanation': 'Position 215 does not contact DNA'}]"
Y220C,T253V,"T253V,Y220C",1,7.159999999999968,8.799999999999955,1.6399999999999864,3.9907571857077437,2.8186918846515363,1.1720653010562074,8.828318581948377,-9.31298015296364,0.15336845346539058,"{""burial"": 0.0, ""conservation"": 0.0, ""functional"": 0.0, ""msa_conservation"": 0.6134738138615623}",759025026594f2eae4b8a3fbd32cb1a56332ed0df0fa870e415679bb60a37a95,8.799999999999955,8.799999999999955,8.799999999999955,2,0.0,0.0,True,0,safe,False,"[{'position': 253, 'contacts_dna': False, 'impact': 'none', 'impact_score': 0.0, 'risk_level': 'safe', 'explanation': 'Position 253 does not contact DNA'}]"
Y220C,P142A,"P142A,Y220C",1,7.159999999999968,8.840000000000032,1.6800000000000637,3.9907571857077437,3.8783232459294066,0.11243393977833716,4.9591682222714635,-9.100624054922434,0.22159148833566927,"{""burial"": 0.5, ""conservation"": 0.0, ""functional"": 0.0, ""msa_conservation"": 0.586365953342677}",5df84209b770a3670a1373276c6f8bbe756c7aa5e2f9d2b788818c0ee1ddbe23,8.840000000000032,8.840000000000032,8.840000000000032,2,0.0,0.0,True,0,safe,False,"[{'position': 142, 'contacts_dna': False, 'impact': 'none', 'impact_score': 0.0, 'risk_level': 'safe', 'explanation': 'Position 142 does not contact DNA'}]"
Y220C,I232V,"I232V,Y220C",1,7.159999999999968,8.909999999999968,1.75,3.9907571857077437,4.769876701791175,-0.7791195160834317,3.381613573986468,-8.864028056781418,0.20146679339169188,"{""burial"": 0.5, ""conservation"": 0.0, ""functional"": 0.0, ""msa_conservation"": 0.5058671735667676}",a3c5ce348aa4a93bb65d8c481f84e4b100f1cef03b9c29c31b4ad9aeaa9dd299,8.909999999999968,8.909999999999968,8.909999999999968,2,0.0,0.0,True,0,safe,False,"[{'position': 232, 'contacts_dna': False, 'impact': 'none', 'impact_score': 0.0, 'risk_level': 'safe', 'explanation': 'Position 232 does not contact DNA'}]"
Y220C,F109Y,"F109Y,Y220C",1,7.159999999999968,9.289999999999964,2.1299999999999955,3.9907571857077437,4.167956760571123,-0.177199574863379,5.278747146103431,-7.970752623715587,0.1393192201971301,"{""burial"": 0.0, ""conservation"": 0.0, ""functional"": 0.0, ""msa_conservation"": 0.5572768807885204}",501e5cce9433bb19fa24d96c732e328097135d08445cc9c371965a5eeb11c9e1,9.289999999999964,9.289999999999964,9.289999999999964,2,0.0,0.0,True,0,safe,False,"[{'position': 109, 'contacts_dna': False, 'impact': 'none', 'impact_score': 0.0, 'risk_level': 'safe', 'explanation': 'Position 109 does not contact DNA'}]"
Y220C,T256V,"T256V,Y220C",1,7.159999999999968,9.490000000000009,2.330000000000041,3.9907571857077437,3.1668050175907707,0.823952168116973,5.412317124023774,-8.528435489209485,0.22159148833566922,"{""burial"": 0.5, ""conservation"": 0.0, ""functional"": 0.0, ""msa_conservation"": 0.5863659533426769}",cf230adb9a5782da447d1b97e92b88be048ce757d35679bbfdd1c39513d8237c,9.490000000000009,9.490000000000009,9.490000000000009,2,0.0,0.0,True,0,safe,False,"[{'position': 256, 'contacts_dna': False, 'impact': 'none', 'impact_score': 0.0, 'risk_level': 'safe', 'explanation': 'Position 256 does not contact DNA'}]"
Y220C,L257M,"L257M,Y220C",1,7.159999999999968,9.659999999999968,2.5,3.9907571857077437,5.395363132553733,-1.4046059468459893,4.081165568718328,-9.211575735937352,0.15336845346539063,"{""burial"": 0.0, ""conservation"": 0.0, ""functional"": 0.0, ""msa_conservation"": 0.6134738138615625}",d2503aabe9d35a4c7eb9262702782adbd6a3cc3100be4f81e0d63f031eb0c343,9.659999999999968,9.659999999999968,9.659999999999968,2,0.0,0.0,True,0,safe,False,"[{'position': 257, 'contacts_dna': False, 'impact': 'none', 'impact_score': 0.0, 'risk_level': 'safe', 'explanation': 'Position 257 does not contact DNA'}]"
Y220C,V157I,"V157I,Y220C",1,7.159999999999968,9.710000000000036,2.550000000000068,3.9907571857077437,3.8865489176944394,0.1042082680133043,2.8944236745676934,-9.196308960271645,0.11099333885120843,"{""burial"": 0.0, ""conservation"": 0.0, ""functional"": 0.0, ""msa_conservation"": 0.44397335540483374}",a088aec410ac7d1f2bd977a1d0a609e1da9c41ca464be65e8b496c520b6b681b,9.710000000000036,9.710000000000036,9.710000000000036,2,0.0,0.0,True,0,safe,False,"[{'position': 157, 'contacts_dna': False, 'impact': 'none', 'impact_score': 0.0, 'risk_level': 'safe', 'explanation': 'Position 157 does not contact DNA'}]"
Y220C,L145M,"L145M,Y220C",1,7.159999999999968,9.930000000000064,2.7700000000000955,3.9907571857077437,5.248922383777487,-1.2581651980697437,2.554254524333733,-7.761752413942146,0.10045549712790386,"{""burial"": 0.0, ""conservation"": 0.0, ""functional"": 0.0, ""msa_conservation"": 0.40182198851161544}",a68cac47680676d1e46c157b56f70dfddde22d107ff9c68c0a837b1a3ceb2a43,9.930000000000064,9.930000000000064,9.930000000000064,2,0.0,0.0,True,0,safe,False,"[{'position': 145, 'contacts_dna': False, 'impact': 'none', 'impact_score': 0.0, 'risk_level': 'safe', 'explanation': 'Position 145 does not contact DNA'}]"
Y220C,V217L,"V217L,Y220C",1,7.159999999999968,10.460000000000036,3.300000000000068,3.9907571857077437,3.94371217115524,0.04704501455250387,4.595491663019087,-8.212061443767052,0.11023530353224173,"{""burial"": 0.0, ""conservation"": 0.0, ""functional"": 0.0, ""msa_conservation"": 0.4409412141289669}",d23e2e7a8db2ec4d6f929d8641f41da5722e76610608ed5970c42b237aaaf987,10.460000000000036,10.460000000000036,10.460000000000036,2,0.0,0.0,True,0,safe,False,"[{'position': 217, 'contacts_dna': False, 'impact': 'none', 'impact_score': 0.0, 'risk_level': 'safe', 'explanation': 'Position 217 does not contact DNA'}]"
Y220C,G266A,"G266A,Y220C",1,7.159999999999968,11.019999999999982,3.8600000000000136,3.9907571857077437,3.477277002604993,0.5134801831027507,6.124570247598882,-7.795074339641969,0.1533684534653906,"{""burial"": 0.0, ""conservation"": 0.0, ""functional"": 0.0, ""msa_conservation"": 0.6134738138615624}",4ff9ea57595a201adee5771457645a26119cb2112f6c8573d6b10ff0cc5c19f5,11.019999999999982,11.019999999999982,11.019999999999982,2,0.0,0.0,True,0,safe,False,"[{'position': 266, 'contacts_dna': False, 'impact': 'none', 'impact_score': 0.0, 'risk_level': 'safe', 'explanation': 'Position 266 does not contact DNA'}]"
Y220C,T230V,"T230V,Y220C",1,7.159999999999968,11.06000000000006,3.900000000000091,3.9907571857077437,3.69176350551359,0.29899368019415373,0.0,-6.508605244144722,0.2283684534653906,"{""burial"": 0.5, ""conservation"": 0.0, ""functional"": 0.0, ""msa_conservation"": 0.6134738138615623}",1c768d117959996ebd2627919a1d3859857c5dba2f8c500893756e7f58e8c3b6,11.06000000000006,11.06000000000006,11.06000000000006,2,0.0,0.0,True,0,safe,False,"[{'position': 230, 'contacts_dna': False, 'impact': 'none', 'impact_score': 0.0, 'risk_level': 'safe', 'explanation': 'Position 230 does not contact DNA'}]"
Y220C,P151S,"P151S,Y220C",1,7.159999999999968,14.200000000000045,7.040000000000077,3.9907571857077437,5.075631677674068,-1.0848744919663247,4.156231872977975,-9.264352169116766,0.15336845346539058,"{""burial"": 0.0, ""conservation"": 0.0, ""functional"": 0.0, ""msa_conservation"": 0.6134738138615623}",ce9a44503f073340e281f5fa201c54cf346e891c957fe41f09f1cf7a0c4c62f8,14.200000000000045,14.200000000000045,14.200000000000045,2,0.0,0.0,True,0,safe,False,"[{'position': 151, 'contacts_dna': False, 'impact': 'none', 'impact_score': 0.0, 'risk_level': 'safe', 'explanation': 'Position 151 does not contact DNA'}]"
Y220C,M133I,"M133I,Y220C",1,7.159999999999968,14.57000000000005,7.410000000000082,3.9907571857077437,3.7301178774586212,0.2606393082491225,9.052306447207814,-9.14431542509032,0.12005826865120725,"{""burial"": 0.0, ""conservation"": 0.0, ""functional"": 0.0, ""msa_conservation"": 0.480233074604829}",ea260194131a798e365cc1e3975878bcd10e38f4889b68b9222a710e769a3ee9,14.57000000000005,14.57000000000005,14.57000000000005,2,0.0,0.0,True,0,safe,False,"[{'position': 133, 'contacts_dna': False, 'impact': 'none', 'impact_score': 0.0, 'risk_level': 'safe', 'explanation': 'Position 133 does not contact DNA'}]"
Y220C,T155V,"T155V,Y220C",1,7.159999999999968,14.629999999999995,7.470000000000027,3.9907571857077437,3.6241982605655303,0.36655892514221344,2.728827467555757,-6.374114877194462,0.09523896142570046,"{""burial"": 0.0, ""conservation"": 0.0, ""functional"": 0.0, ""msa_conservation"": 0.38095584570280183}",e50842120004467e790435ffb821db683a6422b18eef610fe0129e9ac7ae52cd,14.629999999999995,14.629999999999995,14.629999999999995,2,0.0,0.0,True,0,safe,False,"[{'position': 155, 'contacts_dna': False, 'impact': 'none', 'impact_score': 0.0, 'risk_level': 'safe', 'explanation': 'Position 155 does not contact DNA'}]"
Y220C,V157M,"V157M,Y220C",1,7.159999999999968,14.960000000000036,7.800000000000068,3.9907571857077437,5.703227419542654,-1.7124702338349103,2.8944236745676934,-9.228520655337082,0.11099333885120843,"{""burial"": 0.0, ""conservation"": 0.0, ""functional"": 0.0, ""msa_conservation"": 0.44397335540483374}",7d7494dfbda9cc27b52c188734bc554ea5ac699b44edcea7d755dead2ee41210,14.960000000000036,14.960000000000036,14.960000000000036,2,0.0,0.0,True,0,safe,False,"[{'position': 157, 'contacts_dna': False, 'impact': 'none', 'impact_score': 0.0, 'risk_level': 'safe', 'explanation': 'Position 157 does not contact DNA'}]"
Y220C,A189V,"A189V,Y220C",1,7.159999999999968,17.57000000000005,10.410000000000082,3.9907571857077437,3.3154877076847873,0.6752694780229564,9.48323949712667,-8.975842704925423,0.1249915051564516,"{""burial"": 0.0, ""conservation"": 0.0, ""functional"": 0.0, ""msa_conservation"": 0.4999660206258064}",6f68968b554569468c526f1ba9fcab1b2cc744480ec49cd199b99808fe7d8766,17.57000000000005,17.57000000000005,17.57000000000005,2,0.0,0.0,True,0,safe,False,"[{'position': 189, 'contacts_dna': False, 'impact': 'none', 'impact_score': 0.0, 'risk_level': 'safe', 'explanation': 'Position 189 does not contact DNA'}]"
Y220C,V203I,"V203I,Y220C",1,7.159999999999968,19.340000000000032,12.180000000000064,3.9907571857077437,3.6479915979134128,0.342765587794331,5.360604993069685,-6.975990353648814,0.19157481363972495,"{""burial"": 0.5, ""conservation"": 0.0, ""functional"": 0.0, ""msa_conservation"": 0.46629925455889976}",a3056cd82265fc10d0bac0fb2ea26bbc6867c94fac1e7e6e81465b7b4cc46c74,19.340000000000032,19.340000000000032,19.340000000000032,2,0.0,0.0,True,0,safe,False,"[{'position': 203, 'contacts_dna': False, 'impact': 'none', 'impact_score': 0.0, 'risk_level': 'safe', 'explanation': 'Position 203 does not contact DNA'}]"
Y220C,F134W,"F134W,Y220C",1,7.159999999999968,23.909999999999968,16.75,3.9907571857077437,5.2194235497920385,-1.2286663640842947,10.364194091439964,-9.486697037326035,0.13286137426625289,"{""burial"": 0.0, ""conservation"": 0.0, ""functional"": 0.0, ""msa_conservation"": 0.5314454970650115}",f857d0e63ff5fc44687628acd9127b22ee528783d5630d4440306caccf4d21fd,23.909999999999968,23.909999999999968,23.909999999999968,2,0.0,0.0,True,0,safe,False,"[{'position': 134, 'contacts_dna': False, 'impact': 'none', 'impact_score': 0.0, 'risk_level': 'safe', 'explanation': 'Position 134 does not contact DNA'}]"
