target,rescue_mutations,full_mutations,n_rescue,ddg_seed,ddg_total,ddg_gain,rasp_seed,rasp_ddg,rasp_gain,allosteric_dist,docking_affinity,risk,risk_components,set_id,ddg_alphafold,ddg_2ocj_core,ddg_consensus,structures_scored,ddg_std,ddg_range,is_pareto
R248Q,R196Q,"R196Q,R248Q",1,-1.9500000000000455,-12.75,-10.799999999999955,0.37004098018255827,1.9416304337181511,-1.571589453535593,23.564103736611848,-7.479800418296302,0.075,"{""burial"": 0.5, ""conservation"": 0.0, ""functional"": 0.0, ""msa_conservation"": 0.0}",9bcf210a26e75b0a721acd2a0fb98400f2f31cb3d4ac5cd6513ca866b5075300,-12.75,-12.75,-12.75,2,0.0,0.0,True
R248Q,R196K,"R196K,R248Q",1,-1.9500000000000455,-11.93999999999994,-9.989999999999895,0.37004098018255827,1.8344874446907542,-1.464446464508196,23.564103736611848,-8.493775407973915,0.075,"{""burial"": 0.5, ""conservation"": 0.0, ""functional"": 0.0, ""msa_conservation"": 0.0}",d1eb918382330b0df30cbd2edb754b8cd408dc254de8dd65072dd09aa19e6301,-11.93999999999994,-11.93999999999994,-11.93999999999994,2,0.0,0.0,True
R248Q,R196H,"R196H,R248Q",1,-1.9500000000000455,-11.519999999999982,-9.569999999999936,0.37004098018255827,1.462935947612762,-1.0928949674302038,23.564103736611848,-8.823736912655065,0.075,"{""burial"": 0.5, ""conservation"": 0.0, ""functional"": 0.0, ""msa_conservation"": 0.0}",70e176eaa78c3aa1dcf32c5f9097b446599db02ef8ac5bc458fc773a7ff4ef67,-11.519999999999982,-11.519999999999982,-11.519999999999982,2,0.0,0.0,True
R248Q,S95A,"R248Q,S95A",1,-1.9500000000000455,-8.17999999999995,-6.2299999999999045,0.37004098018255827,-0.27773759852852076,0.647778578711079,29.363946610928636,-7.143895889102906,0.075,"{""burial"": 0.5, ""conservation"": 0.0, ""functional"": 0.0, ""msa_conservation"": 0.0}",24f34dea4b00bfe55ef926931414f5e7bd1df56b9bb2aeedcc37c40427c7864f,-8.17999999999995,-8.17999999999995,-8.17999999999995,2,0.0,0.0,True
R248Q,M133L,"M133L,R248Q",1,-1.9500000000000455,-7.5499999999999545,-5.599999999999909,0.37004098018255827,-0.03840833862495119,0.40844931880750945,24.66656545071213,-8.635160872289754,0.0,"{""burial"": 0.0, ""conservation"": 0.0, ""functional"": 0.0, ""msa_conservation"": 0.0}",d158f578a0f0677f2a06ca6c1ec614f97d7526ecada407bc0d6ff80cfb7138ba,-7.5499999999999545,-7.5499999999999545,-7.5499999999999545,2,0.0,0.0,True
R248Q,T211A,"R248Q,T211A",1,-1.9500000000000455,-7.3700000000000045,-5.419999999999959,0.37004098018255827,0.8244138454182631,-0.45437286523570486,27.699751455515415,-8.778375187714307,0.075,"{""burial"": 0.5, ""conservation"": 0.0, ""functional"": 0.0, ""msa_conservation"": 0.0}",a6e0d398c33e4bad946ec12bbe55349c25a739d1ef6d86353039c7ec381f5078,-7.3700000000000045,-7.3700000000000045,-7.3700000000000045,2,0.0,0.0,True
R248Q,C229A,"C229A,R248Q",1,-1.9500000000000455,-6.350000000000023,-4.399999999999977,0.37004098018255827,0.9793741056117028,-0.6093331254291445,15.614259003504317,-7.754701489695073,0.075,"{""burial"": 0.5, ""conservation"": 0.0, ""functional"": 0.0, ""msa_conservation"": 0.0}",e6021874fe9591797f251d314b8bee746bf45d2f4af4217d473aa9aa333d8099,-6.350000000000023,-6.350000000000023,-6.350000000000023,2,0.0,0.0,True
R248Q,S269A,"R248Q,S269A",1,-1.9500000000000455,-6.0499999999999545,-4.099999999999909,0.37004098018255827,0.1916119076619882,0.17842907252057005,23.785470175454385,-7.320423708747773,0.075,"{""burial"": 0.5, ""conservation"": 0.0, ""functional"": 0.0, ""msa_conservation"": 0.0}",52f351475da3155d0cd84ef38dfe4336082b002bec20526c042607e4d2afd39f,-6.0499999999999545,-6.0499999999999545,-6.0499999999999545,2,0.0,0.0,True
R248Q,S269N,"R248Q,S269N",1,-1.9500000000000455,-5.419999999999959,-3.4699999999999136,0.37004098018255827,0.7291760195477243,-0.359135039365166,23.785470175454385,-7.709438966987301,0.075,"{""burial"": 0.5, ""conservation"": 0.0, ""functional"": 0.0, ""msa_conservation"": 0.0}",ad4e6bfd24d276c23bfa67f3e5a9138c070b1439a5e0f794eb343137b5c562e6,-5.419999999999959,-5.419999999999959,-5.419999999999959,2,0.0,0.0,True
R248Q,T230A,"R248Q,T230A",1,-1.9500000000000455,-4.970000000000027,-3.019999999999982,0.37004098018255827,0.9422812489186979,-0.5722402687361396,15.614259003504317,-9.188085457823039,0.075,"{""burial"": 0.5, ""conservation"": 0.0, ""functional"": 0.0, ""msa_conservation"": 0.0}",2454345b75b03e03cf643ed6acab1301fc645fa730d572c2a8d95af859f29375,-4.970000000000027,-4.970000000000027,-4.970000000000027,2,0.0,0.0,True
R248Q,S215A,"R248Q,S215A",1,-1.9500000000000455,-4.850000000000023,-2.8999999999999773,0.37004098018255827,0.18757360255236222,0.18246737763019605,23.304837437085656,-6.536409355347309,0.0,"{""burial"": 0.0, ""conservation"": 0.0, ""functional"": 0.0, ""msa_conservation"": 0.0}",d5f7bac14301b8a10aeef674ff58aa2319ac27477d454b4336020b91cddd84a2,-4.850000000000023,-4.850000000000023,-4.850000000000023,2,0.0,0.0,True
R248Q,V172I,"R248Q,V172I",1,-1.9500000000000455,-4.439999999999941,-2.4899999999998954,0.37004098018255827,-0.15203053924161714,0.5220715194241754,28.356475243508694,-6.424430002619934,0.075,"{""burial"": 0.5, ""conservation"": 0.0, ""functional"": 0.0, ""msa_conservation"": 0.0}",7bc9a7a5c447dd0a983e7991dac10e105dc6a38a762323d6945c1c24208b71f4,-4.439999999999941,-4.439999999999941,-4.439999999999941,2,0.0,0.0,True
R248Q,L252I,"L252I,R248Q",1,-1.9500000000000455,-4.090000000000032,-2.1399999999999864,0.37004098018255827,0.7686399908351982,-0.3985990106526399,26.10656102901014,-9.147878355103174,0.075,"{""burial"": 0.5, ""conservation"": 0.0, ""functional"": 0.0, ""msa_conservation"": 0.0}",db052fe622cf9c33dd5c37505b64cdbbc62cdbaab31527e7d2061eb331192d17,-4.090000000000032,-4.090000000000032,-4.090000000000032,2,0.0,0.0,True
R248Q,L252V,"L252V,R248Q",1,-1.9500000000000455,-4.0499999999999545,-2.099999999999909,0.37004098018255827,1.0744450482551393,-0.704404068072581,26.10656102901014,-9.407180372452375,0.075,"{""burial"": 0.5, ""conservation"": 0.0, ""functional"": 0.0, ""msa_conservation"": 0.0}",141265c4bed23a7041c5424ff730d53450091fdbfc0c0e52da18ee2db12a2ea2,-4.0499999999999545,-4.0499999999999545,-4.0499999999999545,2,0.0,0.0,True
R248Q,L145I,"L145I,R248Q",1,-1.9500000000000455,-3.5699999999999363,-1.6199999999998909,0.37004098018255827,1.2151528399886717,-0.8451118598061135,18.16851352783805,-6.35510468522221,0.0,"{""burial"": 0.0, ""conservation"": 0.0, ""functional"": 0.0, ""msa_conservation"": 0.0}",4fd19f7ad60eabdfa1fcbb1f15310cd57fef83e8b67eb35db0a03ad188a6455d,-3.5699999999999363,-3.5699999999999363,-3.5699999999999363,2,0.0,0.0,True
R248Q,T155A,"R248Q,T155A",1,-1.9500000000000455,-3.480000000000018,-1.5299999999999727,0.37004098018255827,0.921653932981298,-0.5516129527987398,18.343086471060076,-6.317776526097822,0.0,"{""burial"": 0.0, ""conservation"": 0.0, ""functional"": 0.0, ""msa_conservation"": 0.0}",2ee93b8200549967ed4793074955369c73275b3dd4ea6bc7040b212dbe1bc34e,-3.480000000000018,-3.480000000000018,-3.480000000000018,2,0.0,0.0,True
R248Q,Y220F,"R248Q,Y220F",1,-1.9500000000000455,-3.439999999999941,-1.4899999999998954,0.37004098018255827,0.1592353991187967,0.21080558106376157,15.614259003504317,-8.784557392534328,0.075,"{""burial"": 0.5, ""conservation"": 0.0, ""functional"": 0.0, ""msa_conservation"": 0.0}",a01bde1b7e3b4bbe5182b0dc1e69af0fce1575b1a8bd604f2f5447d0ef9597dc,-3.439999999999941,-3.439999999999941,-3.439999999999941,2,0.0,0.0,True
R248Q,F270Y,"F270Y,R248Q",1,-1.9500000000000455,-3.3099999999999454,-1.3599999999999,0.37004098018255827,0.653620171604461,-0.2835791914219027,24.197398760372867,-6.602125806500106,0.0,"{""burial"": 0.0, ""conservation"": 0.0, ""functional"": 0.0, ""msa_conservation"": 0.0}",2580372119367083cba4ec491594cb1440a69527a786d39249711ee0c5d77f2f,-3.3099999999999454,-3.3099999999999454,-3.3099999999999454,2,0.0,0.0,True
R248Q,I251V,"I251V,R248Q",1,-1.9500000000000455,-2.3700000000000045,-0.4199999999999591,0.37004098018255827,1.3668224850333717,-0.9967815048508134,27.502853709441233,-8.889389027105171,0.0,"{""burial"": 0.0, ""conservation"": 0.0, ""functional"": 0.0, ""msa_conservation"": 0.0}",4a24dcf67a8baa123eedffaeb30500dedddc6d23ff8b8e45c4e0a042d9abb141,-2.3700000000000045,-2.3700000000000045,-2.3700000000000045,2,0.0,0.0,True
R248Q,R213H,"R213H,R248Q",1,-1.9500000000000455,-1.669999999999959,0.2800000000000864,0.37004098018255827,1.345101921382025,-0.9750609411994667,26.255585212503277,-9.044414567049513,0.0,"{""burial"": 0.0, ""conservation"": 0.0, ""functional"": 0.0, ""msa_conservation"": 0.0}",789daadb666d394d4524a603b13bf540ba9c2573a63bbe2d19738d774bb461e3,-1.669999999999959,-1.669999999999959,-1.669999999999959,2,0.0,0.0,True
