target,rescue_mutations,full_mutations,n_rescue,ddg_seed,ddg_total,ddg_gain,rasp_ddg,allosteric_dist,docking_affinity,risk,risk_components,set_id,ddg_alphafold,ddg_2ocj_core,ddg_consensus,structures_scored,ddg_std,ddg_range,is_pareto,druggability_score,max_druggability,pocket_flag,n_positions_analyzed,pocket_details,functional_site_conflict,functional_warnings,violated_categories
Y220C,R196Q,"R196Q,Y220C",1,7.159999999999968,-3.6299999999999955,-10.789999999999964,5.562346639243336,7.949844733107533,-7.903627341527526,0.075,"{""burial"": 0.5, ""conservation"": 0.0, ""functional"": 0.0, ""msa_conservation"": 0.0}",9bcf210a26e75b0a721acd2a0fb98400f2f31cb3d4ac5cd6513ca866b5075300,-3.6299999999999955,-3.6299999999999955,-3.6299999999999955,2,0.0,0.0,True,,,,,,,,
Y220C,R196K,"R196K,Y220C",1,7.159999999999968,-2.830000000000041,-9.990000000000009,5.45520365021594,7.949844733107533,-5.67832174268419,0.075,"{""burial"": 0.5, ""conservation"": 0.0, ""functional"": 0.0, ""msa_conservation"": 0.0}",d1eb918382330b0df30cbd2edb754b8cd408dc254de8dd65072dd09aa19e6301,-2.830000000000041,-2.830000000000041,-2.830000000000041,2,0.0,0.0,True,,,,,,,,
Y220C,R196H,"R196H,Y220C",1,7.159999999999968,-2.3999999999999773,-9.559999999999945,5.0836521531379475,7.949844733107533,-6.325209256936738,0.075,"{""burial"": 0.5, ""conservation"": 0.0, ""functional"": 0.0, ""msa_conservation"": 0.0}",70e176eaa78c3aa1dcf32c5f9097b446599db02ef8ac5bc458fc773a7ff4ef67,-2.3999999999999773,-2.3999999999999773,-2.3999999999999773,2,0.0,0.0,True,,,,,,,,
Y220C,S95A,"S95A,Y220C",1,7.159999999999968,0.9300000000000637,-6.2299999999999045,3.342978606996665,13.749687607424317,-8.907596711379345,0.075,"{""burial"": 0.5, ""conservation"": 0.0, ""functional"": 0.0, ""msa_conservation"": 0.0}",24f34dea4b00bfe55ef926931414f5e7bd1df56b9bb2aeedcc37c40427c7864f,0.9300000000000637,0.9300000000000637,0.9300000000000637,2,0.0,0.0,True,0.625,0.625,🎯 Druggable Pocket,1.0,"{95: {'position': 95, 'druggability_score': 0.625, 'classification': 'High', 'flag': '🎯 Druggable Pocket', 'n_pocket_residues': 32, 'hydrophobic_count': 13, 'aromatic_count': 5, 'charged_count': 9, 'polar_count': 10, 'hydrophobic_ratio': 0.406, 'aromatic_ratio': 0.156, 'rescue_sasa': 14.08, 'pocket_residues': [{'position': 209, 'residue': 'ARG', 'distance': np.float32(1.3810015)}, {'position': 172, 'residue': 'VAL', 'distance': np.float32(11.7300005)}, {'position': 166, 'residue': 'SER', 'distance': np.float32(8.038001)}, {'position': 92, 'residue': 'PRO', 'distance': np.float32(-1.1890001)}, {'position': 212, 'residue': 'PHE', 'distance': np.float32(6.0310006)}, {'position': 169, 'residue': 'MET', 'distance': np.float32(8.9140005)}, {'position': 249, 'residue': 'ARG', 'distance': np.float32(23.617)}, {'position': 91, 'residue': 'TRP', 'distance': np.float32(3.1940012)}, {'position': 97, 'residue': 'VAL', 'distance': np.float32(3.664001)}, {'position': 94, 'residue': 'SER', 'distance': np.float32(-0.5819998)}]}}",False,,[]
Y220C,M133L,"M133L,Y220C",1,7.159999999999968,1.5600000000000591,-5.599999999999909,3.5823078669002344,9.052306447207814,-6.11369397331056,0.0,"{""burial"": 0.0, ""conservation"": 0.0, ""functional"": 0.0, ""msa_conservation"": 0.0}",d158f578a0f0677f2a06ca6c1ec614f97d7526ecada407bc0d6ff80cfb7138ba,1.5600000000000591,1.5600000000000591,1.5600000000000591,2,0.0,0.0,True,0.62,0.62,🎯 Druggable Pocket,1.0,"{133: {'position': 133, 'druggability_score': 0.62, 'classification': 'High', 'flag': '🎯 Druggable Pocket', 'n_pocket_residues': 59, 'hydrophobic_count': 23, 'aromatic_count': 7, 'charged_count': 12, 'polar_count': 21, 'hydrophobic_ratio': 0.39, 'aromatic_ratio': 0.119, 'rescue_sasa': 1.29, 'pocket_residues': [{'position': 129, 'residue': 'ALA', 'distance': np.float32(-1.0950003)}, {'position': 271, 'residue': 'GLU', 'distance': np.float32(-10.365999)}, {'position': 113, 'residue': 'PHE', 'distance': np.float32(4.387)}, {'position': 286, 'residue': 'GLU', 'distance': np.float32(3.6540003)}, {'position': 255, 'residue': 'ILE', 'distance': np.float32(-16.543999)}, {'position': 240, 'residue': 'SER', 'distance': np.float32(-6.9309993)}, {'position': 135, 'residue': 'CYS', 'distance': np.float32(5.852)}, {'position': 132, 'residue': 'LYS', 'distance': np.float32(-3.875)}, {'position': 274, 'residue': 'VAL', 'distance': np.float32(-0.4239998)}, {'position': 277, 'residue': 'CYS', 'distance': np.float32(13.169001)}]}}",False,,[]
Y220C,T211A,"T211A,Y220C",1,7.159999999999968,1.75,-5.409999999999968,4.445130050943448,12.085492452011097,-8.646036062924596,0.075,"{""burial"": 0.5, ""conservation"": 0.0, ""functional"": 0.0, ""msa_conservation"": 0.0}",a6e0d398c33e4bad946ec12bbe55349c25a739d1ef6d86353039c7ec381f5078,1.75,1.75,1.75,2,0.0,0.0,True,0.633,0.633,🎯 Druggable Pocket,1.0,"{211: {'position': 211, 'druggability_score': 0.633, 'classification': 'High', 'flag': '🎯 Druggable Pocket', 'n_pocket_residues': 30, 'hydrophobic_count': 14, 'aromatic_count': 3, 'charged_count': 8, 'polar_count': 8, 'hydrophobic_ratio': 0.467, 'aromatic_ratio': 0.1, 'rescue_sasa': 24.95, 'pocket_residues': [{'position': 209, 'residue': 'ARG', 'distance': np.float32(-0.276999)}, {'position': 172, 'residue': 'VAL', 'distance': np.float32(10.0720005)}, {'position': 92, 'residue': 'PRO', 'distance': np.float32(-2.8470001)}, {'position': 212, 'residue': 'PHE', 'distance': np.float32(4.3730006)}, {'position': 169, 'residue': 'MET', 'distance': np.float32(7.2560005)}, {'position': 91, 'residue': 'TRP', 'distance': np.float32(1.5360012)}, {'position': 215, 'residue': 'SER', 'distance': np.float32(17.557999)}, {'position': 97, 'residue': 'VAL', 'distance': np.float32(2.006001)}, {'position': 206, 'residue': 'LEU', 'distance': np.float32(14.387)}, {'position': 94, 'residue': 'SER', 'distance': np.float32(-2.2399998)}]}}",False,,[]
Y220C,A189S,"A189S,Y220C",1,7.159999999999968,2.6499999999999773,-4.509999999999991,4.710124600831642,9.48323949712667,-6.309926990493482,0.0,"{""burial"": 0.0, ""conservation"": 0.0, ""functional"": 0.0, ""msa_conservation"": 0.0}",b9b84b79e626e006ba5d83f5a687db7862abebc47fd7c38f9a48537bfe16c9f2,2.6499999999999773,2.6499999999999773,2.6499999999999773,2,0.0,0.0,True,0.6,0.6,🎯 Druggable Pocket,1.0,"{189: {'position': 189, 'druggability_score': 0.6, 'classification': 'High', 'flag': '🎯 Druggable Pocket', 'n_pocket_residues': 38, 'hydrophobic_count': 13, 'aromatic_count': 6, 'charged_count': 13, 'polar_count': 10, 'hydrophobic_ratio': 0.342, 'aromatic_ratio': 0.158, 'rescue_sasa': 8.04, 'pocket_residues': [{'position': 191, 'residue': 'PRO', 'distance': np.float32(-2.7259998)}, {'position': 197, 'residue': 'VAL', 'distance': np.float32(6.0649996)}, {'position': 196, 'residue': 'ARG', 'distance': np.float32(3.3130002)}, {'position': 218, 'residue': 'VAL', 'distance': np.float32(-2.554)}, {'position': 200, 'residue': 'ASN', 'distance': np.float32(9.027)}, {'position': 187, 'residue': 'GLY', 'distance': np.float32(4.8410006)}, {'position': 215, 'residue': 'SER', 'distance': np.float32(-11.882999)}, {'position': 202, 'residue': 'ARG', 'distance': np.float32(1.1570001)}, {'position': 184, 'residue': 'ASP', 'distance': np.float32(11.038)}, {'position': 237, 'residue': 'MET', 'distance': np.float32(5.909)}]}}",False,,[]
Y220C,C229A,"C229A,Y220C",1,7.159999999999968,2.769999999999982,-4.389999999999986,4.6000903111368885,0.0,-8.374059444797886,0.075,"{""burial"": 0.5, ""conservation"": 0.0, ""functional"": 0.0, ""msa_conservation"": 0.0}",e6021874fe9591797f251d314b8bee746bf45d2f4af4217d473aa9aa333d8099,2.769999999999982,2.769999999999982,2.769999999999982,2,0.0,0.0,True,,,,,,,,
Y220C,C229S,"C229S,Y220C",1,7.159999999999968,2.9600000000000364,-4.199999999999932,5.5673552093906835,0.0,-9.338918940700866,0.075,"{""burial"": 0.5, ""conservation"": 0.0, ""functional"": 0.0, ""msa_conservation"": 0.0}",887df06fb85412c5522bd3f49ded43de099d2c1c802578fae3786d47be5fe603,2.9600000000000364,2.9600000000000364,2.9600000000000364,2,0.0,0.0,True,,,,,,,,
Y220C,S269A,"S269A,Y220C",1,7.159999999999968,3.060000000000059,-4.099999999999909,3.812328113187174,8.171211171950066,-6.828219035069013,0.075,"{""burial"": 0.5, ""conservation"": 0.0, ""functional"": 0.0, ""msa_conservation"": 0.0}",52f351475da3155d0cd84ef38dfe4336082b002bec20526c042607e4d2afd39f,3.060000000000059,3.060000000000059,3.060000000000059,2,0.0,0.0,True,,,,,,,,
Y220C,A189G,"A189G,Y220C",1,7.159999999999968,3.080000000000041,-4.079999999999927,5.518156870349325,9.48323949712667,-8.351954476525808,0.0,"{""burial"": 0.0, ""conservation"": 0.0, ""functional"": 0.0, ""msa_conservation"": 0.0}",8f649a43c8d96cbabd6234c4aaa623ff251b579626f7eefbe4ba5d313a09e09c,3.080000000000041,3.080000000000041,3.080000000000041,2,0.0,0.0,True,0.6,0.6,🎯 Druggable Pocket,1.0,"{189: {'position': 189, 'druggability_score': 0.6, 'classification': 'High', 'flag': '🎯 Druggable Pocket', 'n_pocket_residues': 38, 'hydrophobic_count': 13, 'aromatic_count': 6, 'charged_count': 13, 'polar_count': 9, 'hydrophobic_ratio': 0.342, 'aromatic_ratio': 0.158, 'rescue_sasa': 8.04, 'pocket_residues': [{'position': 191, 'residue': 'PRO', 'distance': np.float32(-2.7259998)}, {'position': 197, 'residue': 'VAL', 'distance': np.float32(6.0649996)}, {'position': 196, 'residue': 'ARG', 'distance': np.float32(3.3130002)}, {'position': 218, 'residue': 'VAL', 'distance': np.float32(-2.554)}, {'position': 200, 'residue': 'ASN', 'distance': np.float32(9.027)}, {'position': 187, 'residue': 'GLY', 'distance': np.float32(4.8410006)}, {'position': 215, 'residue': 'SER', 'distance': np.float32(-11.882999)}, {'position': 202, 'residue': 'ARG', 'distance': np.float32(1.1570001)}, {'position': 184, 'residue': 'ASP', 'distance': np.float32(11.038)}, {'position': 237, 'residue': 'MET', 'distance': np.float32(5.909)}]}}",False,,[]
Y220C,Y163F,"Y163F,Y220C",1,7.159999999999968,4.039999999999964,-3.1200000000000045,4.0458204428289,12.885900531011295,-6.8784295725616555,0.0,"{""burial"": 0.0, ""conservation"": 0.0, ""functional"": 0.0, ""msa_conservation"": 0.0}",d5567b1ef2f55e2cf38060786bb0528d55971412cf0e3d7bb0c4291da2cede9c,4.039999999999964,4.039999999999964,4.039999999999964,2,0.0,0.0,True,0.631,0.631,🎯 Druggable Pocket,1.0,"{163: {'position': 163, 'druggability_score': 0.631, 'classification': 'High', 'flag': '🎯 Druggable Pocket', 'n_pocket_residues': 45, 'hydrophobic_count': 20, 'aromatic_count': 5, 'charged_count': 11, 'polar_count': 13, 'hydrophobic_ratio': 0.444, 'aromatic_ratio': 0.111, 'rescue_sasa': 3.21, 'pocket_residues': [{'position': 271, 'residue': 'GLU', 'distance': np.float32(12.698)}, {'position': 240, 'residue': 'SER', 'distance': np.float32(16.133001)}, {'position': 95, 'residue': 'SER', 'distance': np.float32(-17.363998)}, {'position': 132, 'residue': 'LYS', 'distance': np.float32(19.189001)}, {'position': 274, 'residue': 'VAL', 'distance': np.float32(22.640001)}, {'position': 166, 'residue': 'SER', 'distance': np.float32(-9.325999)}, {'position': 246, 'residue': 'MET', 'distance': np.float32(7.453001)}, {'position': 165, 'residue': 'GLN', 'distance': np.float32(-2.7379994)}, {'position': 169, 'residue': 'MET', 'distance': np.float32(-8.449999)}, {'position': 249, 'residue': 'ARG', 'distance': np.float32(6.2530003)}]}}",False,,[]
Y220C,S215A,"S215A,Y220C",1,7.159999999999968,4.149999999999977,-3.009999999999991,3.808289808077548,7.690578433581339,-5.606442430592116,0.0,"{""burial"": 0.0, ""conservation"": 0.0, ""functional"": 0.0, ""msa_conservation"": 0.0}",d5f7bac14301b8a10aeef674ff58aa2319ac27477d454b4336020b91cddd84a2,4.149999999999977,4.149999999999977,4.149999999999977,2,0.0,0.0,True,0.659,0.659,🎯 Druggable Pocket,1.0,"{215: {'position': 215, 'druggability_score': 0.659, 'classification': 'High', 'flag': '🎯 Druggable Pocket', 'n_pocket_residues': 51, 'hydrophobic_count': 27, 'aromatic_count': 7, 'charged_count': 14, 'polar_count': 10, 'hydrophobic_ratio': 0.529, 'aromatic_ratio': 0.137, 'rescue_sasa': 6.7, 'pocket_residues': [{'position': 256, 'residue': 'THR', 'distance': np.float32(0.16899991)}, {'position': 209, 'residue': 'ARG', 'distance': np.float32(-17.835)}, {'position': 95, 'residue': 'SER', 'distance': np.float32(-19.216)}, {'position': 255, 'residue': 'ILE', 'distance': np.float32(4.668)}, {'position': 191, 'residue': 'PRO', 'distance': np.float32(9.157)}, {'position': 197, 'residue': 'VAL', 'distance': np.float32(17.948)}, {'position': 212, 'residue': 'PHE', 'distance': np.float32(-13.184999)}, {'position': 156, 'residue': 'ARG', 'distance': np.float32(3.014)}, {'position': 196, 'residue': 'ARG', 'distance': np.float32(15.195999)}, {'position': 234, 'residue': 'TYR', 'distance': np.float32(20.359)}]}}",False,,[]
Y220C,R213Q,"R213Q,Y220C",1,7.159999999999968,4.220000000000027,-2.939999999999941,5.382432704284051,10.641326208998958,-8.477280308502232,0.0,"{""burial"": 0.0, ""conservation"": 0.0, ""functional"": 0.0, ""msa_conservation"": 0.0}",5d5a5f82a86894cfd0427f0b629f744cebf7a8fd8a369ef4490af7e402b8a314,4.220000000000027,4.220000000000027,4.220000000000027,2,0.0,0.0,True,,,,,,,,
Y220C,V147L,"V147L,Y220C",1,7.159999999999968,4.440000000000055,-2.7199999999999136,4.3497528945683905,3.699124521346405,-7.418341723269965,0.075,"{""burial"": 0.5, ""conservation"": 0.0, ""functional"": 0.0, ""msa_conservation"": 0.0}",44f2cf7d6494a7c34678dba0bda694b680747b3171fa765b2a79cafb14863e67,4.440000000000055,4.440000000000055,4.440000000000055,2,0.0,0.0,True,0.602,0.602,🎯 Druggable Pocket,1.0,"{147: {'position': 147, 'druggability_score': 0.602, 'classification': 'High', 'flag': '🎯 Druggable Pocket', 'n_pocket_residues': 41, 'hydrophobic_count': 14, 'aromatic_count': 4, 'charged_count': 8, 'polar_count': 15, 'hydrophobic_ratio': 0.341, 'aromatic_ratio': 0.098, 'rescue_sasa': 26.53, 'pocket_residues': [{'position': 256, 'residue': 'THR', 'distance': np.float32(-12.002)}, {'position': 222, 'residue': 'PRO', 'distance': np.float32(6.151002)}, {'position': 255, 'residue': 'ILE', 'distance': np.float32(-7.503)}, {'position': 224, 'residue': 'GLU', 'distance': np.float32(17.448002)}, {'position': 104, 'residue': 'GLN', 'distance': np.float32(-11.464001)}, {'position': 228, 'residue': 'ASP', 'distance': np.float32(14.252999)}, {'position': 150, 'residue': 'THR', 'distance': np.float32(-2.373999)}, {'position': 107, 'residue': 'TYR', 'distance': np.float32(-8.961)}, {'position': 156, 'residue': 'ARG', 'distance': np.float32(-9.157)}, {'position': 106, 'residue': 'SER', 'distance': np.float32(-15.162001)}]}}",False,,[]
Y220C,A161S,"A161S,Y220C",1,7.159999999999968,4.519999999999982,-2.6399999999999864,5.279031981455984,9.633477379097032,-7.182880729692894,0.0,"{""burial"": 0.0, ""conservation"": 0.0, ""functional"": 0.0, ""msa_conservation"": 0.0}",d0c47eabc58bfe967116b746a7fe6040c91134092a3fa8ad15c91ca03686f7de,4.519999999999982,4.519999999999982,4.519999999999982,2,0.0,0.0,True,0.625,0.625,🎯 Druggable Pocket,1.0,"{161: {'position': 161, 'druggability_score': 0.625, 'classification': 'High', 'flag': '🎯 Druggable Pocket', 'n_pocket_residues': 64, 'hydrophobic_count': 26, 'aromatic_count': 9, 'charged_count': 16, 'polar_count': 21, 'hydrophobic_ratio': 0.406, 'aromatic_ratio': 0.141, 'rescue_sasa': 9.94, 'pocket_residues': [{'position': 256, 'residue': 'THR', 'distance': np.float32(-1.9580002)}, {'position': 271, 'residue': 'GLU', 'distance': np.float32(8.719001)}, {'position': 240, 'residue': 'SER', 'distance': np.float32(12.154)}, {'position': 95, 'residue': 'SER', 'distance': np.float32(-21.343)}, {'position': 255, 'residue': 'ILE', 'distance': np.float32(2.541)}, {'position': 274, 'residue': 'VAL', 'distance': np.float32(18.661001)}, {'position': 246, 'residue': 'MET', 'distance': np.float32(3.474)}, {'position': 165, 'residue': 'GLN', 'distance': np.float32(-6.717)}, {'position': 212, 'residue': 'PHE', 'distance': np.float32(-15.311999)}, {'position': 169, 'residue': 'MET', 'distance': np.float32(-12.429)}]}}",False,,[]
Y220C,V172I,"V172I,Y220C",1,7.159999999999968,4.82000000000005,-2.339999999999918,3.4686856662835686,12.742216240004376,-5.9298941646113565,0.075,"{""burial"": 0.5, ""conservation"": 0.0, ""functional"": 0.0, ""msa_conservation"": 0.0}",7bc9a7a5c447dd0a983e7991dac10e105dc6a38a762323d6945c1c24208b71f4,4.82000000000005,4.82000000000005,4.82000000000005,2,0.0,0.0,True,0.626,0.626,🎯 Druggable Pocket,1.0,"{172: {'position': 172, 'druggability_score': 0.626, 'classification': 'High', 'flag': '🎯 Druggable Pocket', 'n_pocket_residues': 50, 'hydrophobic_count': 21, 'aromatic_count': 6, 'charged_count': 12, 'polar_count': 15, 'hydrophobic_ratio': 0.42, 'aromatic_ratio': 0.12, 'rescue_sasa': 26.09, 'pocket_residues': [{'position': 172, 'residue': 'ILE', 'distance': np.float32(0.0)}, {'position': 166, 'residue': 'SER', 'distance': np.float32(-3.6919994)}, {'position': 92, 'residue': 'PRO', 'distance': np.float32(-12.919001)}, {'position': 246, 'residue': 'MET', 'distance': np.float32(13.087001)}, {'position': 165, 'residue': 'GLN', 'distance': np.float32(2.896)}, {'position': 212, 'residue': 'PHE', 'distance': np.float32(-5.6989994)}, {'position': 169, 'residue': 'MET', 'distance': np.float32(-2.8159995)}, {'position': 249, 'residue': 'ARG', 'distance': np.float32(11.887001)}, {'position': 91, 'residue': 'TRP', 'distance': np.float32(-8.535999)}, {'position': 215, 'residue': 'SER', 'distance': np.float32(7.486)}]}}",False,,[]
Y220C,I162M,"I162M,Y220C",1,7.159999999999968,4.8700000000000045,-2.2899999999999636,5.038140005606281,11.156163490451528,-7.854732079790153,0.0,"{""burial"": 0.0, ""conservation"": 0.0, ""functional"": 0.0, ""msa_conservation"": 0.0}",bb93a5fd41e810f469378e749c6bbd9461fed107c658b29376333f60b9cd5e0c,4.8700000000000045,4.8700000000000045,4.8700000000000045,2,0.0,0.0,True,0.62,0.62,🎯 Druggable Pocket,1.0,"{162: {'position': 162, 'druggability_score': 0.62, 'classification': 'High', 'flag': '🎯 Druggable Pocket', 'n_pocket_residues': 54, 'hydrophobic_count': 22, 'aromatic_count': 6, 'charged_count': 13, 'polar_count': 18, 'hydrophobic_ratio': 0.407, 'aromatic_ratio': 0.111, 'rescue_sasa': None, 'pocket_residues': [{'position': 256, 'residue': 'THR', 'distance': np.float32(2.4499998)}, {'position': 271, 'residue': 'GLU', 'distance': np.float32(13.127)}, {'position': 240, 'residue': 'SER', 'distance': np.float32(16.562)}, {'position': 95, 'residue': 'SER', 'distance': np.float32(-16.935001)}, {'position': 255, 'residue': 'ILE', 'distance': np.float32(6.9490004)}, {'position': 101, 'residue': 'LYS', 'distance': np.float32(-4.571)}, {'position': 166, 'residue': 'SER', 'distance': np.float32(-8.896999)}, {'position': 246, 'residue': 'MET', 'distance': np.float32(7.882)}, {'position': 165, 'residue': 'GLN', 'distance': np.float32(-2.3089995)}, {'position': 212, 'residue': 'PHE', 'distance': np.float32(-10.904)}]}}",False,,[]
Y220C,T230A,"T230A,Y220C",1,7.159999999999968,5.519999999999982,-1.6399999999999864,4.562997454443884,0.0,-5.824112122241508,0.075,"{""burial"": 0.5, ""conservation"": 0.0, ""functional"": 0.0, ""msa_conservation"": 0.0}",2454345b75b03e03cf643ed6acab1301fc645fa730d572c2a8d95af859f29375,5.519999999999982,5.519999999999982,5.519999999999982,2,0.0,0.0,True,0.645,0.645,🎯 Druggable Pocket,1.0,"{230: {'position': 230, 'druggability_score': 0.645, 'classification': 'High', 'flag': '🎯 Druggable Pocket', 'n_pocket_residues': 44, 'hydrophobic_count': 21, 'aromatic_count': 5, 'charged_count': 9, 'polar_count': 11, 'hydrophobic_ratio': 0.477, 'aromatic_ratio': 0.114, 'rescue_sasa': 21.6, 'pocket_residues': [{'position': 225, 'residue': 'VAL', 'distance': np.float32(10.079)}, {'position': 113, 'residue': 'PHE', 'distance': np.float32(3.1700006)}, {'position': 222, 'residue': 'PRO', 'distance': np.float32(-4.1069984)}, {'position': 255, 'residue': 'ILE', 'distance': np.float32(-17.761)}, {'position': 224, 'residue': 'GLU', 'distance': np.float32(7.190001)}, {'position': 228, 'residue': 'ASP', 'distance': np.float32(3.994999)}, {'position': 197, 'residue': 'VAL', 'distance': np.float32(-4.481001)}, {'position': 150, 'residue': 'THR', 'distance': np.float32(-12.631999)}, {'position': 156, 'residue': 'ARG', 'distance': np.float32(-19.415)}, {'position': 234, 'residue': 'TYR', 'distance': np.float32(-2.0699997)}]}}",False,,[]
Y220C,I251V,"I251V,Y220C",1,7.159999999999968,5.6200000000000045,-1.5399999999999636,4.987538690558557,11.888594705936915,-7.413279099908368,0.0,"{""burial"": 0.0, ""conservation"": 0.0, ""functional"": 0.0, ""msa_conservation"": 0.0}",4a24dcf67a8baa123eedffaeb30500dedddc6d23ff8b8e45c4e0a042d9abb141,5.6200000000000045,5.6200000000000045,5.6200000000000045,2,0.0,0.0,True,0.627,0.627,🎯 Druggable Pocket,1.0,"{251: {'position': 251, 'druggability_score': 0.627, 'classification': 'High', 'flag': '🎯 Druggable Pocket', 'n_pocket_residues': 56, 'hydrophobic_count': 24, 'aromatic_count': 6, 'charged_count': 13, 'polar_count': 18, 'hydrophobic_ratio': 0.429, 'aromatic_ratio': 0.107, 'rescue_sasa': 1.07, 'pocket_residues': [{'position': 271, 'residue': 'GLU', 'distance': np.float32(5.476)}, {'position': 240, 'residue': 'SER', 'distance': np.float32(8.911)}, {'position': 255, 'residue': 'ILE', 'distance': np.float32(-0.70199966)}, {'position': 135, 'residue': 'CYS', 'distance': np.float32(21.694)}, {'position': 132, 'residue': 'LYS', 'distance': np.float32(11.966999)}, {'position': 274, 'residue': 'VAL', 'distance': np.float32(15.418)}, {'position': 166, 'residue': 'SER', 'distance': np.float32(-16.548)}, {'position': 246, 'residue': 'MET', 'distance': np.float32(0.23099995)}, {'position': 165, 'residue': 'GLN', 'distance': np.float32(-9.96)}, {'position': 169, 'residue': 'MET', 'distance': np.float32(-15.672)}]}}",False,,[]
Y220C,V147I,"V147I,Y220C",1,7.159999999999968,5.669999999999959,-1.490000000000009,4.247131148150117,3.699124521346405,-7.430261173496687,0.075,"{""burial"": 0.5, ""conservation"": 0.0, ""functional"": 0.0, ""msa_conservation"": 0.0}",dcb201cdbe80d287f01dc42d2ab7cead48468f36d095420b1e059dc8afd9d962,5.669999999999959,5.669999999999959,5.669999999999959,2,0.0,0.0,True,0.602,0.602,🎯 Druggable Pocket,1.0,"{147: {'position': 147, 'druggability_score': 0.602, 'classification': 'High', 'flag': '🎯 Druggable Pocket', 'n_pocket_residues': 41, 'hydrophobic_count': 14, 'aromatic_count': 4, 'charged_count': 8, 'polar_count': 15, 'hydrophobic_ratio': 0.341, 'aromatic_ratio': 0.098, 'rescue_sasa': 26.53, 'pocket_residues': [{'position': 256, 'residue': 'THR', 'distance': np.float32(-12.002)}, {'position': 222, 'residue': 'PRO', 'distance': np.float32(6.151002)}, {'position': 255, 'residue': 'ILE', 'distance': np.float32(-7.503)}, {'position': 224, 'residue': 'GLU', 'distance': np.float32(17.448002)}, {'position': 104, 'residue': 'GLN', 'distance': np.float32(-11.464001)}, {'position': 228, 'residue': 'ASP', 'distance': np.float32(14.252999)}, {'position': 150, 'residue': 'THR', 'distance': np.float32(-2.373999)}, {'position': 107, 'residue': 'TYR', 'distance': np.float32(-8.961)}, {'position': 156, 'residue': 'ARG', 'distance': np.float32(-9.157)}, {'position': 106, 'residue': 'SER', 'distance': np.float32(-15.162001)}]}}",False,,[]
Y220C,L145I,"L145I,Y220C",1,7.159999999999968,5.7000000000000455,-1.4599999999999227,4.835869045513857,2.554254524333733,-6.812814205760192,0.0,"{""burial"": 0.0, ""conservation"": 0.0, ""functional"": 0.0, ""msa_conservation"": 0.0}",4fd19f7ad60eabdfa1fcbb1f15310cd57fef83e8b67eb35db0a03ad188a6455d,5.7000000000000455,5.7000000000000455,5.7000000000000455,2,0.0,0.0,True,0.633,0.633,🎯 Druggable Pocket,1.0,"{145: {'position': 145, 'druggability_score': 0.633, 'classification': 'High', 'flag': '🎯 Druggable Pocket', 'n_pocket_residues': 52, 'hydrophobic_count': 21, 'aromatic_count': 8, 'charged_count': 10, 'polar_count': 18, 'hydrophobic_ratio': 0.404, 'aromatic_ratio': 0.154, 'rescue_sasa': 3.35, 'pocket_residues': [{'position': 256, 'residue': 'THR', 'distance': np.float32(-16.571)}, {'position': 113, 'residue': 'PHE', 'distance': np.float32(8.858999)}, {'position': 222, 'residue': 'PRO', 'distance': np.float32(1.5820017)}, {'position': 255, 'residue': 'ILE', 'distance': np.float32(-12.0720005)}, {'position': 224, 'residue': 'GLU', 'distance': np.float32(12.879002)}, {'position': 104, 'residue': 'GLN', 'distance': np.float32(-16.033)}, {'position': 228, 'residue': 'ASP', 'distance': np.float32(9.683999)}, {'position': 150, 'residue': 'THR', 'distance': np.float32(-6.943)}, {'position': 107, 'residue': 'TYR', 'distance': np.float32(-13.530001)}, {'position': 156, 'residue': 'ARG', 'distance': np.float32(-13.726)}]}}",False,,[]
Y220C,T230S,"T230S,Y220C",1,7.159999999999968,5.769999999999982,-1.3899999999999864,5.109808913081832,0.0,-8.925868647267492,0.075,"{""burial"": 0.5, ""conservation"": 0.0, ""functional"": 0.0, ""msa_conservation"": 0.0}",a83848b0b4ff3ed025b0c8b7f1cf0c599f02fc4a598685398c19fff43e93fe38,5.769999999999982,5.769999999999982,5.769999999999982,2,0.0,0.0,True,0.639,0.639,🎯 Druggable Pocket,1.0,"{230: {'position': 230, 'druggability_score': 0.639, 'classification': 'High', 'flag': '🎯 Druggable Pocket', 'n_pocket_residues': 44, 'hydrophobic_count': 20, 'aromatic_count': 5, 'charged_count': 9, 'polar_count': 12, 'hydrophobic_ratio': 0.455, 'aromatic_ratio': 0.114, 'rescue_sasa': 21.6, 'pocket_residues': [{'position': 225, 'residue': 'VAL', 'distance': np.float32(10.079)}, {'position': 113, 'residue': 'PHE', 'distance': np.float32(3.1700006)}, {'position': 222, 'residue': 'PRO', 'distance': np.float32(-4.1069984)}, {'position': 255, 'residue': 'ILE', 'distance': np.float32(-17.761)}, {'position': 224, 'residue': 'GLU', 'distance': np.float32(7.190001)}, {'position': 228, 'residue': 'ASP', 'distance': np.float32(3.994999)}, {'position': 197, 'residue': 'VAL', 'distance': np.float32(-4.481001)}, {'position': 150, 'residue': 'THR', 'distance': np.float32(-12.631999)}, {'position': 156, 'residue': 'ARG', 'distance': np.float32(-19.415)}, {'position': 234, 'residue': 'TYR', 'distance': np.float32(-2.0699997)}]}}",False,,[]
Y220C,S127A,"S127A,Y220C",1,7.159999999999968,5.779999999999973,-1.3799999999999955,4.219234309194029,9.793191561087143,-7.794538254908767,0.0,"{""burial"": 0.0, ""conservation"": 0.0, ""functional"": 0.0, ""msa_conservation"": 0.0}",5d76242ad0e6d66c41822503c3479998ec337596b51ef2071fbf1dda8a498465,5.779999999999973,5.779999999999973,5.779999999999973,2,0.0,0.0,True,0.605,0.605,🎯 Druggable Pocket,1.0,"{127: {'position': 127, 'druggability_score': 0.605, 'classification': 'High', 'flag': '🎯 Druggable Pocket', 'n_pocket_residues': 43, 'hydrophobic_count': 16, 'aromatic_count': 5, 'charged_count': 13, 'polar_count': 11, 'hydrophobic_ratio': 0.372, 'aromatic_ratio': 0.116, 'rescue_sasa': None, 'pocket_residues': [{'position': 129, 'residue': 'ALA', 'distance': np.float32(-4.7080007)}, {'position': 271, 'residue': 'GLU', 'distance': np.float32(-13.978999)}, {'position': 113, 'residue': 'PHE', 'distance': np.float32(0.77400017)}, {'position': 286, 'residue': 'GLU', 'distance': np.float32(0.041000366)}, {'position': 135, 'residue': 'CYS', 'distance': np.float32(2.2390003)}, {'position': 132, 'residue': 'LYS', 'distance': np.float32(-7.488)}, {'position': 119, 'residue': 'ALA', 'distance': np.float32(20.274)}, {'position': 280, 'residue': 'ARG', 'distance': np.float32(10.282999)}, {'position': 122, 'residue': 'VAL', 'distance': np.float32(16.047)}, {'position': 128, 'residue': 'PRO', 'distance': np.float32(-2.4579997)}]}}",False,,[]
Y220C,F270Y,"F270Y,Y220C",1,7.159999999999968,5.7999999999999545,-1.3600000000000136,4.2743363771296465,8.58313975686855,-5.864343776619375,0.0,"{""burial"": 0.0, ""conservation"": 0.0, ""functional"": 0.0, ""msa_conservation"": 0.0}",2580372119367083cba4ec491594cb1440a69527a786d39249711ee0c5d77f2f,5.7999999999999545,5.7999999999999545,5.7999999999999545,2,0.0,0.0,True,0.644,0.644,🎯 Druggable Pocket,1.0,"{270: {'position': 270, 'druggability_score': 0.644, 'classification': 'High', 'flag': '🎯 Druggable Pocket', 'n_pocket_residues': 54, 'hydrophobic_count': 23, 'aromatic_count': 9, 'charged_count': 9, 'polar_count': 21, 'hydrophobic_ratio': 0.426, 'aromatic_ratio': 0.167, 'rescue_sasa': None, 'pocket_residues': [{'position': 256, 'residue': 'THR', 'distance': np.float32(-10.106999)}, {'position': 129, 'residue': 'ALA', 'distance': np.float32(9.841)}, {'position': 271, 'residue': 'GLU', 'distance': np.float32(0.5700002)}, {'position': 113, 'residue': 'PHE', 'distance': np.float32(15.323001)}, {'position': 240, 'residue': 'SER', 'distance': np.float32(4.0050006)}, {'position': 255, 'residue': 'ILE', 'distance': np.float32(-5.608)}, {'position': 135, 'residue': 'CYS', 'distance': np.float32(16.788)}, {'position': 132, 'residue': 'LYS', 'distance': np.float32(7.061)}, {'position': 101, 'residue': 'LYS', 'distance': np.float32(-17.127998)}, {'position': 274, 'residue': 'VAL', 'distance': np.float32(10.512)}]}}",False,,[]
Y220C,T155A,"T155A,Y220C",1,7.159999999999968,7.149999999999977,-0.009999999999990905,4.542370138506484,2.728827467555757,-5.941522387482371,0.0,"{""burial"": 0.0, ""conservation"": 0.0, ""functional"": 0.0, ""msa_conservation"": 0.0}",2ee93b8200549967ed4793074955369c73275b3dd4ea6bc7040b212dbe1bc34e,7.149999999999977,7.149999999999977,7.149999999999977,2,0.0,0.0,True,0.63,0.63,🎯 Druggable Pocket,1.0,"{155: {'position': 155, 'druggability_score': 0.63, 'classification': 'High', 'flag': '🎯 Druggable Pocket', 'n_pocket_residues': 37, 'hydrophobic_count': 17, 'aromatic_count': 2, 'charged_count': 7, 'polar_count': 10, 'hydrophobic_ratio': 0.459, 'aromatic_ratio': 0.054, 'rescue_sasa': 5.52, 'pocket_residues': [{'position': 256, 'residue': 'THR', 'distance': np.float32(-1.4980006)}, {'position': 222, 'residue': 'PRO', 'distance': np.float32(16.655003)}, {'position': 255, 'residue': 'ILE', 'distance': np.float32(3.0009995)}, {'position': 259, 'residue': 'ASP', 'distance': np.float32(-7.384)}, {'position': 150, 'residue': 'THR', 'distance': np.float32(8.13)}, {'position': 107, 'residue': 'TYR', 'distance': np.float32(1.5429997)}, {'position': 261, 'residue': 'SER', 'distance': np.float32(-14.1050005)}, {'position': 156, 'residue': 'ARG', 'distance': np.float32(1.3469996)}, {'position': 153, 'residue': 'PRO', 'distance': np.float32(1.269999)}, {'position': 218, 'residue': 'VAL', 'distance': np.float32(7.6619997)}]}}",False,,[]
Y220C,T253S,"T253S,Y220C",1,7.159999999999968,7.600000000000023,0.44000000000005457,5.740381580852696,8.828318581948377,-7.275928052711668,0.0,"{""burial"": 0.0, ""conservation"": 0.0, ""functional"": 0.0, ""msa_conservation"": 0.0}",c7bcbe2bf0ddc0ae4efa44a8d636364b8d65291a969000edd731012112643f09,7.600000000000023,7.600000000000023,7.600000000000023,2,0.0,0.0,True,0.662,0.662,🎯 Druggable Pocket,1.0,"{253: {'position': 253, 'druggability_score': 0.662, 'classification': 'High', 'flag': '🎯 Druggable Pocket', 'n_pocket_residues': 65, 'hydrophobic_count': 33, 'aromatic_count': 10, 'charged_count': 14, 'polar_count': 18, 'hydrophobic_ratio': 0.508, 'aromatic_ratio': 0.154, 'rescue_sasa': 2.42, 'pocket_residues': [{'position': 256, 'residue': 'THR', 'distance': np.float32(-6.25)}, {'position': 271, 'residue': 'GLU', 'distance': np.float32(4.4269996)}, {'position': 113, 'residue': 'PHE', 'distance': np.float32(19.18)}, {'position': 240, 'residue': 'SER', 'distance': np.float32(7.8620005)}, {'position': 255, 'residue': 'ILE', 'distance': np.float32(-1.7509999)}, {'position': 135, 'residue': 'CYS', 'distance': np.float32(20.645)}, {'position': 132, 'residue': 'LYS', 'distance': np.float32(10.917999)}, {'position': 101, 'residue': 'LYS', 'distance': np.float32(-13.271)}, {'position': 197, 'residue': 'VAL', 'distance': np.float32(11.528999)}, {'position': 274, 'residue': 'VAL', 'distance': np.float32(14.369)}]}}",False,,[]
Y220C,A161G,"A161G,Y220C",1,7.159999999999968,7.649999999999977,0.4900000000000091,6.0351516147164155,9.633477379097032,-9.013484452091095,0.0,"{""burial"": 0.0, ""conservation"": 0.0, ""functional"": 0.0, ""msa_conservation"": 0.0}",ee63baefa64a1c652d1fcbf0b933c886f1022babcd32ee5b0eab2788f5833c63,7.649999999999977,7.649999999999977,7.649999999999977,2,0.0,0.0,True,0.625,0.625,🎯 Druggable Pocket,1.0,"{161: {'position': 161, 'druggability_score': 0.625, 'classification': 'High', 'flag': '🎯 Druggable Pocket', 'n_pocket_residues': 64, 'hydrophobic_count': 26, 'aromatic_count': 9, 'charged_count': 16, 'polar_count': 20, 'hydrophobic_ratio': 0.406, 'aromatic_ratio': 0.141, 'rescue_sasa': 9.94, 'pocket_residues': [{'position': 256, 'residue': 'THR', 'distance': np.float32(-1.9580002)}, {'position': 271, 'residue': 'GLU', 'distance': np.float32(8.719001)}, {'position': 240, 'residue': 'SER', 'distance': np.float32(12.154)}, {'position': 95, 'residue': 'SER', 'distance': np.float32(-21.343)}, {'position': 255, 'residue': 'ILE', 'distance': np.float32(2.541)}, {'position': 274, 'residue': 'VAL', 'distance': np.float32(18.661001)}, {'position': 246, 'residue': 'MET', 'distance': np.float32(3.474)}, {'position': 165, 'residue': 'GLN', 'distance': np.float32(-6.717)}, {'position': 212, 'residue': 'PHE', 'distance': np.float32(-15.311999)}, {'position': 169, 'residue': 'MET', 'distance': np.float32(-12.429)}]}}",False,,[]
Y220C,T155S,"T155S,Y220C",1,7.159999999999968,7.720000000000027,0.5600000000000591,5.392357704347942,2.728827467555757,-7.704693296298973,0.0,"{""burial"": 0.0, ""conservation"": 0.0, ""functional"": 0.0, ""msa_conservation"": 0.0}",1026be5da9f936032ad8d7a4660bf3fdac5039501643ce579f096df03f49cb62,7.720000000000027,7.720000000000027,7.720000000000027,2,0.0,0.0,True,0.622,0.622,🎯 Druggable Pocket,1.0,"{155: {'position': 155, 'druggability_score': 0.622, 'classification': 'High', 'flag': '🎯 Druggable Pocket', 'n_pocket_residues': 37, 'hydrophobic_count': 16, 'aromatic_count': 2, 'charged_count': 7, 'polar_count': 11, 'hydrophobic_ratio': 0.432, 'aromatic_ratio': 0.054, 'rescue_sasa': 5.52, 'pocket_residues': [{'position': 256, 'residue': 'THR', 'distance': np.float32(-1.4980006)}, {'position': 222, 'residue': 'PRO', 'distance': np.float32(16.655003)}, {'position': 255, 'residue': 'ILE', 'distance': np.float32(3.0009995)}, {'position': 259, 'residue': 'ASP', 'distance': np.float32(-7.384)}, {'position': 150, 'residue': 'THR', 'distance': np.float32(8.13)}, {'position': 107, 'residue': 'TYR', 'distance': np.float32(1.5429997)}, {'position': 261, 'residue': 'SER', 'distance': np.float32(-14.1050005)}, {'position': 156, 'residue': 'ARG', 'distance': np.float32(1.3469996)}, {'position': 153, 'residue': 'PRO', 'distance': np.float32(1.269999)}, {'position': 218, 'residue': 'VAL', 'distance': np.float32(7.6619997)}]}}",False,,[]
Y220C,C124A,"C124A,Y220C",1,7.159999999999968,7.789999999999964,0.6299999999999955,4.580880602751252,9.14080695598811,-9.42857653976085,0.075,"{""burial"": 0.5, ""conservation"": 0.0, ""functional"": 0.0, ""msa_conservation"": 0.0}",08d1fba6698aacc2b6b26e490a886e2b4529453c31df082245ebde04619d0be1,7.789999999999964,7.789999999999964,7.789999999999964,2,0.0,0.0,True,0.615,0.615,🎯 Druggable Pocket,1.0,"{124: {'position': 124, 'druggability_score': 0.615, 'classification': 'High', 'flag': '🎯 Druggable Pocket', 'n_pocket_residues': 48, 'hydrophobic_count': 17, 'aromatic_count': 8, 'charged_count': 12, 'polar_count': 17, 'hydrophobic_ratio': 0.354, 'aromatic_ratio': 0.167, 'rescue_sasa': 28.25, 'pocket_residues': [{'position': 271, 'residue': 'GLU', 'distance': np.float32(-21.348)}, {'position': 113, 'residue': 'PHE', 'distance': np.float32(-6.5949993)}, {'position': 135, 'residue': 'CYS', 'distance': np.float32(-5.1299996)}, {'position': 132, 'residue': 'LYS', 'distance': np.float32(-14.857)}, {'position': 119, 'residue': 'ALA', 'distance': np.float32(12.905)}, {'position': 274, 'residue': 'VAL', 'distance': np.float32(-11.406)}, {'position': 277, 'residue': 'CYS', 'distance': np.float32(2.1870003)}, {'position': 138, 'residue': 'ALA', 'distance': np.float32(-6.1309996)}, {'position': 234, 'residue': 'TYR', 'distance': np.float32(-11.834999)}, {'position': 280, 'residue': 'ARG', 'distance': np.float32(2.9139996)}]}}",False,,[]
Y220C,F134Y,"F134Y,Y220C",1,7.159999999999968,7.8799999999999955,0.7200000000000273,4.917560033654729,10.364194091439964,-9.175802894571936,0.0,"{""burial"": 0.0, ""conservation"": 0.0, ""functional"": 0.0, ""msa_conservation"": 0.0}",7e6f0db20cf93d34568bd51d57d4fe4b34c1d616c1eeb68523f4720d8a083851,7.8799999999999955,7.8799999999999955,7.8799999999999955,2,0.0,0.0,True,0.608,0.608,🎯 Druggable Pocket,1.0,"{134: {'position': 134, 'druggability_score': 0.608, 'classification': 'High', 'flag': '🎯 Druggable Pocket', 'n_pocket_residues': 59, 'hydrophobic_count': 21, 'aromatic_count': 6, 'charged_count': 11, 'polar_count': 25, 'hydrophobic_ratio': 0.356, 'aromatic_ratio': 0.102, 'rescue_sasa': None, 'pocket_residues': [{'position': 129, 'residue': 'ALA', 'distance': np.float32(-4.722001)}, {'position': 271, 'residue': 'GLU', 'distance': np.float32(-13.993001)}, {'position': 113, 'residue': 'PHE', 'distance': np.float32(0.7600002)}, {'position': 286, 'residue': 'GLU', 'distance': np.float32(0.02699995)}, {'position': 240, 'residue': 'SER', 'distance': np.float32(-10.558)}, {'position': 135, 'residue': 'CYS', 'distance': np.float32(2.2250001)}, {'position': 132, 'residue': 'LYS', 'distance': np.float32(-7.502)}, {'position': 119, 'residue': 'ALA', 'distance': np.float32(20.26)}, {'position': 274, 'residue': 'VAL', 'distance': np.float32(-4.0509996)}, {'position': 277, 'residue': 'CYS', 'distance': np.float32(9.542001)}]}}",False,,[]
Y220C,C141A,"C141A,Y220C",1,7.159999999999968,8.269999999999982,1.1100000000000136,4.223877128165108,6.752960121157922,-6.003240266616626,0.0,"{""burial"": 0.0, ""conservation"": 0.0, ""functional"": 0.0, ""msa_conservation"": 0.0}",359d2a8dc1442dc2fd5dd5739b0a59e5bf2106b679cae6c56ea9f7361604433b,8.269999999999982,8.269999999999982,8.269999999999982,2,0.0,0.0,True,0.654,0.654,🎯 Druggable Pocket,1.0,"{141: {'position': 141, 'druggability_score': 0.654, 'classification': 'High', 'flag': '🎯 Druggable Pocket', 'n_pocket_residues': 52, 'hydrophobic_count': 24, 'aromatic_count': 8, 'charged_count': 8, 'polar_count': 18, 'hydrophobic_ratio': 0.462, 'aromatic_ratio': 0.154, 'rescue_sasa': None, 'pocket_residues': [{'position': 271, 'residue': 'GLU', 'distance': np.float32(-15.486)}, {'position': 113, 'residue': 'PHE', 'distance': np.float32(-0.7329998)}, {'position': 255, 'residue': 'ILE', 'distance': np.float32(-21.664)}, {'position': 135, 'residue': 'CYS', 'distance': np.float32(0.73200035)}, {'position': 132, 'residue': 'LYS', 'distance': np.float32(-8.995)}, {'position': 197, 'residue': 'VAL', 'distance': np.float32(-8.384001)}, {'position': 274, 'residue': 'VAL', 'distance': np.float32(-5.544)}, {'position': 138, 'residue': 'ALA', 'distance': np.float32(-0.26899958)}, {'position': 234, 'residue': 'TYR', 'distance': np.float32(-5.973)}, {'position': 196, 'residue': 'ARG', 'distance': np.float32(-11.136)}]}}",False,,[]
Y220C,T256A,"T256A,Y220C",1,7.159999999999968,8.279999999999973,1.1200000000000045,4.165904721384591,5.412317124023774,-9.4055022487961,0.075,"{""burial"": 0.5, ""conservation"": 0.0, ""functional"": 0.0, ""msa_conservation"": 0.0}",933036193a98ab02a5124e62c105aad0d3588d89078518218e8e049c88d561cf,8.279999999999973,8.279999999999973,8.279999999999973,2,0.0,0.0,True,0.65,0.65,🎯 Druggable Pocket,1.0,"{256: {'position': 256, 'druggability_score': 0.65, 'classification': 'High', 'flag': '🎯 Druggable Pocket', 'n_pocket_residues': 58, 'hydrophobic_count': 27, 'aromatic_count': 7, 'charged_count': 8, 'polar_count': 18, 'hydrophobic_ratio': 0.466, 'aromatic_ratio': 0.121, 'rescue_sasa': 14.08, 'pocket_residues': [{'position': 256, 'residue': 'ALA', 'distance': np.float32(0.0)}, {'position': 255, 'residue': 'ILE', 'distance': np.float32(4.4989996)}, {'position': 104, 'residue': 'GLN', 'distance': np.float32(0.53799915)}, {'position': 259, 'residue': 'ASP', 'distance': np.float32(-5.8859997)}, {'position': 101, 'residue': 'LYS', 'distance': np.float32(-7.021)}, {'position': 107, 'residue': 'TYR', 'distance': np.float32(3.0409994)}, {'position': 261, 'residue': 'SER', 'distance': np.float32(-12.606999)}, {'position': 156, 'residue': 'ARG', 'distance': np.float32(2.8450003)}, {'position': 234, 'residue': 'TYR', 'distance': np.float32(20.19)}, {'position': 218, 'residue': 'VAL', 'distance': np.float32(9.16)}]}}",False,,[]
Y220C,A159S,"A159S,Y220C",1,7.159999999999968,8.289999999999964,1.1299999999999955,5.674523063704047,6.136849288474757,-9.174909035239063,0.0,"{""burial"": 0.0, ""conservation"": 0.0, ""functional"": 0.0, ""msa_conservation"": 0.0}",952cff45fa53e5f7fe525fa625fe7cd8fa9f511dfd4cff82fa110b60c744d81d,8.289999999999964,8.289999999999964,8.289999999999964,2,0.0,0.0,True,0.666,0.666,🎯 Druggable Pocket,1.0,"{159: {'position': 159, 'druggability_score': 0.666, 'classification': 'High', 'flag': '🎯 Druggable Pocket', 'n_pocket_residues': 59, 'hydrophobic_count': 31, 'aromatic_count': 9, 'charged_count': 13, 'polar_count': 14, 'hydrophobic_ratio': 0.525, 'aromatic_ratio': 0.153, 'rescue_sasa': 2.14, 'pocket_residues': [{'position': 256, 'residue': 'THR', 'distance': np.float32(-5.0319996)}, {'position': 113, 'residue': 'PHE', 'distance': np.float32(20.398)}, {'position': 255, 'residue': 'ILE', 'distance': np.float32(-0.5329999)}, {'position': 197, 'residue': 'VAL', 'distance': np.float32(12.747)}, {'position': 156, 'residue': 'ARG', 'distance': np.float32(-2.1869993)}, {'position': 196, 'residue': 'ARG', 'distance': np.float32(9.995001)}, {'position': 234, 'residue': 'TYR', 'distance': np.float32(15.158001)}, {'position': 218, 'residue': 'VAL', 'distance': np.float32(4.1280003)}, {'position': 264, 'residue': 'LEU', 'distance': np.float32(-14.811)}, {'position': 215, 'residue': 'SER', 'distance': np.float32(-5.2009993)}]}}",False,,[]
Y220C,Y234F,"Y220C,Y234F",1,7.159999999999968,8.389999999999986,1.2300000000000182,4.338649240497666,6.507154195583324,-5.733677603393057,0.0,"{""burial"": 0.0, ""conservation"": 0.0, ""functional"": 0.0, ""msa_conservation"": 0.0}",298da05c620fdf805daab8200026e13bbcba1aba1cc3a4ebaad12fd741c3a0c2,8.389999999999986,8.389999999999986,8.389999999999986,2,0.0,0.0,True,0.674,0.674,🎯 Druggable Pocket,1.0,"{234: {'position': 234, 'druggability_score': 0.674, 'classification': 'High', 'flag': '🎯 Druggable Pocket', 'n_pocket_residues': 58, 'hydrophobic_count': 31, 'aromatic_count': 8, 'charged_count': 8, 'polar_count': 17, 'hydrophobic_ratio': 0.534, 'aromatic_ratio': 0.138, 'rescue_sasa': 4.56, 'pocket_residues': [{'position': 113, 'residue': 'PHE', 'distance': np.float32(5.2400002)}, {'position': 255, 'residue': 'ILE', 'distance': np.float32(-15.691001)}, {'position': 135, 'residue': 'CYS', 'distance': np.float32(6.7050004)}, {'position': 197, 'residue': 'VAL', 'distance': np.float32(-2.4110003)}, {'position': 274, 'residue': 'VAL', 'distance': np.float32(0.4289999)}, {'position': 138, 'residue': 'ALA', 'distance': np.float32(5.7040005)}, {'position': 196, 'residue': 'ARG', 'distance': np.float32(-5.1629996)}, {'position': 234, 'residue': 'PHE', 'distance': np.float32(0.0)}, {'position': 218, 'residue': 'VAL', 'distance': np.float32(-11.03)}, {'position': 200, 'residue': 'ASN', 'distance': np.float32(0.5510001)}]}}",False,,[]
Y220C,S215N,"S215N,Y220C",1,7.159999999999968,8.639999999999986,1.4800000000000182,4.321276578128444,7.690578433581339,-8.648066235695564,0.0,"{""burial"": 0.0, ""conservation"": 0.0, ""functional"": 0.0, ""msa_conservation"": 0.0}",85b6edddfe5e0579905dbca6cf7d59fa5cccb236e1ce0d9ee880f61bd048eff3,8.639999999999986,8.639999999999986,8.639999999999986,2,0.0,0.0,True,0.653,0.653,🎯 Druggable Pocket,1.0,"{215: {'position': 215, 'druggability_score': 0.653, 'classification': 'High', 'flag': '🎯 Druggable Pocket', 'n_pocket_residues': 51, 'hydrophobic_count': 26, 'aromatic_count': 7, 'charged_count': 14, 'polar_count': 11, 'hydrophobic_ratio': 0.51, 'aromatic_ratio': 0.137, 'rescue_sasa': 6.7, 'pocket_residues': [{'position': 256, 'residue': 'THR', 'distance': np.float32(0.16899991)}, {'position': 209, 'residue': 'ARG', 'distance': np.float32(-17.835)}, {'position': 95, 'residue': 'SER', 'distance': np.float32(-19.216)}, {'position': 255, 'residue': 'ILE', 'distance': np.float32(4.668)}, {'position': 191, 'residue': 'PRO', 'distance': np.float32(9.157)}, {'position': 197, 'residue': 'VAL', 'distance': np.float32(17.948)}, {'position': 212, 'residue': 'PHE', 'distance': np.float32(-13.184999)}, {'position': 156, 'residue': 'ARG', 'distance': np.float32(3.014)}, {'position': 196, 'residue': 'ARG', 'distance': np.float32(15.195999)}, {'position': 234, 'residue': 'TYR', 'distance': np.float32(20.359)}]}}",False,,[]
Y220C,T253V,"T253V,Y220C",1,7.159999999999968,8.799999999999955,1.6399999999999864,2.8186918846515363,8.828318581948377,-5.79187256128992,0.0,"{""burial"": 0.0, ""conservation"": 0.0, ""functional"": 0.0, ""msa_conservation"": 0.0}",759025026594f2eae4b8a3fbd32cb1a56332ed0df0fa870e415679bb60a37a95,8.799999999999955,8.799999999999955,8.799999999999955,2,0.0,0.0,True,0.666,0.666,🎯 Druggable Pocket,1.0,"{253: {'position': 253, 'druggability_score': 0.666, 'classification': 'High', 'flag': '🎯 Druggable Pocket', 'n_pocket_residues': 65, 'hydrophobic_count': 34, 'aromatic_count': 10, 'charged_count': 14, 'polar_count': 17, 'hydrophobic_ratio': 0.523, 'aromatic_ratio': 0.154, 'rescue_sasa': 2.42, 'pocket_residues': [{'position': 256, 'residue': 'THR', 'distance': np.float32(-6.25)}, {'position': 271, 'residue': 'GLU', 'distance': np.float32(4.4269996)}, {'position': 113, 'residue': 'PHE', 'distance': np.float32(19.18)}, {'position': 240, 'residue': 'SER', 'distance': np.float32(7.8620005)}, {'position': 255, 'residue': 'ILE', 'distance': np.float32(-1.7509999)}, {'position': 135, 'residue': 'CYS', 'distance': np.float32(20.645)}, {'position': 132, 'residue': 'LYS', 'distance': np.float32(10.917999)}, {'position': 101, 'residue': 'LYS', 'distance': np.float32(-13.271)}, {'position': 197, 'residue': 'VAL', 'distance': np.float32(11.528999)}, {'position': 274, 'residue': 'VAL', 'distance': np.float32(14.369)}]}}",False,,[]
Y220C,P142A,"P142A,Y220C",1,7.159999999999968,8.840000000000032,1.6800000000000637,3.8783232459294066,4.9591682222714635,-5.994899757966818,0.075,"{""burial"": 0.5, ""conservation"": 0.0, ""functional"": 0.0, ""msa_conservation"": 0.0}",5df84209b770a3670a1373276c6f8bbe756c7aa5e2f9d2b788818c0ee1ddbe23,8.840000000000032,8.840000000000032,8.840000000000032,2,0.0,0.0,True,0.65,0.65,🎯 Druggable Pocket,1.0,"{142: {'position': 142, 'druggability_score': 0.65, 'classification': 'High', 'flag': '🎯 Druggable Pocket', 'n_pocket_residues': 46, 'hydrophobic_count': 19, 'aromatic_count': 9, 'charged_count': 6, 'polar_count': 19, 'hydrophobic_ratio': 0.413, 'aromatic_ratio': 0.196, 'rescue_sasa': 29.51, 'pocket_residues': [{'position': 113, 'residue': 'PHE', 'distance': np.float32(-1.3559995)}, {'position': 255, 'residue': 'ILE', 'distance': np.float32(-22.287)}, {'position': 135, 'residue': 'CYS', 'distance': np.float32(0.10900068)}, {'position': 132, 'residue': 'LYS', 'distance': np.float32(-9.617999)}, {'position': 197, 'residue': 'VAL', 'distance': np.float32(-9.007)}, {'position': 138, 'residue': 'ALA', 'distance': np.float32(-0.89199924)}, {'position': 234, 'residue': 'TYR', 'distance': np.float32(-6.5959997)}, {'position': 196, 'residue': 'ARG', 'distance': np.float32(-11.759)}, {'position': 218, 'residue': 'VAL', 'distance': np.float32(-17.626)}, {'position': 200, 'residue': 'ASN', 'distance': np.float32(-6.044999)}]}}",False,,[]
Y220C,C141S,"C141S,Y220C",1,7.159999999999968,9.220000000000027,2.060000000000059,5.241591597267585,6.752960121157922,-8.792122671413564,0.0,"{""burial"": 0.0, ""conservation"": 0.0, ""functional"": 0.0, ""msa_conservation"": 0.0}",09e8dcf53b88c30ee5c0a78d020e7200eac8256c5c84e30d6b4774bcf8b947d1,9.220000000000027,9.220000000000027,9.220000000000027,2,0.0,0.0,True,0.648,0.648,🎯 Druggable Pocket,1.0,"{141: {'position': 141, 'druggability_score': 0.648, 'classification': 'High', 'flag': '🎯 Druggable Pocket', 'n_pocket_residues': 52, 'hydrophobic_count': 23, 'aromatic_count': 8, 'charged_count': 8, 'polar_count': 19, 'hydrophobic_ratio': 0.442, 'aromatic_ratio': 0.154, 'rescue_sasa': None, 'pocket_residues': [{'position': 271, 'residue': 'GLU', 'distance': np.float32(-15.486)}, {'position': 113, 'residue': 'PHE', 'distance': np.float32(-0.7329998)}, {'position': 255, 'residue': 'ILE', 'distance': np.float32(-21.664)}, {'position': 135, 'residue': 'CYS', 'distance': np.float32(0.73200035)}, {'position': 132, 'residue': 'LYS', 'distance': np.float32(-8.995)}, {'position': 197, 'residue': 'VAL', 'distance': np.float32(-8.384001)}, {'position': 274, 'residue': 'VAL', 'distance': np.float32(-5.544)}, {'position': 138, 'residue': 'ALA', 'distance': np.float32(-0.26899958)}, {'position': 234, 'residue': 'TYR', 'distance': np.float32(-5.973)}, {'position': 196, 'residue': 'ARG', 'distance': np.float32(-11.136)}]}}",False,,[]
Y220C,F109Y,"F109Y,Y220C",1,7.159999999999968,9.289999999999964,2.1299999999999955,4.167956760571123,5.278747146103431,-6.561802692199646,0.0,"{""burial"": 0.0, ""conservation"": 0.0, ""functional"": 0.0, ""msa_conservation"": 0.0}",501e5cce9433bb19fa24d96c732e328097135d08445cc9c371965a5eeb11c9e1,9.289999999999964,9.289999999999964,9.289999999999964,2,0.0,0.0,True,0.611,0.611,🎯 Druggable Pocket,1.0,"{109: {'position': 109, 'druggability_score': 0.611, 'classification': 'High', 'flag': '🎯 Druggable Pocket', 'n_pocket_residues': 46, 'hydrophobic_count': 16, 'aromatic_count': 6, 'charged_count': 9, 'polar_count': 17, 'hydrophobic_ratio': 0.348, 'aromatic_ratio': 0.13, 'rescue_sasa': 2.42, 'pocket_residues': [{'position': 256, 'residue': 'THR', 'distance': np.float32(-6.4660006)}, {'position': 113, 'residue': 'PHE', 'distance': np.float32(18.963999)}, {'position': 255, 'residue': 'ILE', 'distance': np.float32(-1.967001)}, {'position': 104, 'residue': 'GLN', 'distance': np.float32(-5.9280014)}, {'position': 101, 'residue': 'LYS', 'distance': np.float32(-13.487001)}, {'position': 228, 'residue': 'ASP', 'distance': np.float32(19.788998)}, {'position': 150, 'residue': 'THR', 'distance': np.float32(3.1619997)}, {'position': 107, 'residue': 'TYR', 'distance': np.float32(-3.4250011)}, {'position': 156, 'residue': 'ARG', 'distance': np.float32(-3.6210003)}, {'position': 234, 'residue': 'TYR', 'distance': np.float32(13.724)}]}}",False,,[]
Y220C,T256V,"T256V,Y220C",1,7.159999999999968,9.490000000000009,2.330000000000041,3.1668050175907707,5.412317124023774,-6.399396512751949,0.075,"{""burial"": 0.5, ""conservation"": 0.0, ""functional"": 0.0, ""msa_conservation"": 0.0}",cf230adb9a5782da447d1b97e92b88be048ce757d35679bbfdd1c39513d8237c,9.490000000000009,9.490000000000009,9.490000000000009,2,0.0,0.0,True,0.65,0.65,🎯 Druggable Pocket,1.0,"{256: {'position': 256, 'druggability_score': 0.65, 'classification': 'High', 'flag': '🎯 Druggable Pocket', 'n_pocket_residues': 58, 'hydrophobic_count': 27, 'aromatic_count': 7, 'charged_count': 8, 'polar_count': 18, 'hydrophobic_ratio': 0.466, 'aromatic_ratio': 0.121, 'rescue_sasa': 14.08, 'pocket_residues': [{'position': 256, 'residue': 'VAL', 'distance': np.float32(0.0)}, {'position': 255, 'residue': 'ILE', 'distance': np.float32(4.4989996)}, {'position': 104, 'residue': 'GLN', 'distance': np.float32(0.53799915)}, {'position': 259, 'residue': 'ASP', 'distance': np.float32(-5.8859997)}, {'position': 101, 'residue': 'LYS', 'distance': np.float32(-7.021)}, {'position': 107, 'residue': 'TYR', 'distance': np.float32(3.0409994)}, {'position': 261, 'residue': 'SER', 'distance': np.float32(-12.606999)}, {'position': 156, 'residue': 'ARG', 'distance': np.float32(2.8450003)}, {'position': 234, 'residue': 'TYR', 'distance': np.float32(20.19)}, {'position': 218, 'residue': 'VAL', 'distance': np.float32(9.16)}]}}",False,,[]
Y220C,C135S,"C135S,Y220C",1,7.159999999999968,9.57000000000005,2.410000000000082,5.190825333730899,10.10530680617727,-9.401671233077717,0.0,"{""burial"": 0.0, ""conservation"": 0.0, ""functional"": 0.0, ""msa_conservation"": 0.0}",efeb02769ff635eecddae0bcb22ccd5e7170556bca95a782036eef347290cf8f,9.57000000000005,9.57000000000005,9.57000000000005,2,0.0,0.0,True,0.604,0.604,🎯 Druggable Pocket,1.0,"{135: {'position': 135, 'druggability_score': 0.604, 'classification': 'High', 'flag': '🎯 Druggable Pocket', 'n_pocket_residues': 56, 'hydrophobic_count': 19, 'aromatic_count': 7, 'charged_count': 13, 'polar_count': 22, 'hydrophobic_ratio': 0.339, 'aromatic_ratio': 0.125, 'rescue_sasa': None, 'pocket_residues': [{'position': 271, 'residue': 'GLU', 'distance': np.float32(-16.218)}, {'position': 113, 'residue': 'PHE', 'distance': np.float32(-1.4649997)}, {'position': 240, 'residue': 'SER', 'distance': np.float32(-12.783)}, {'position': 135, 'residue': 'SER', 'distance': np.float32(0.0)}, {'position': 132, 'residue': 'LYS', 'distance': np.float32(-9.727001)}, {'position': 119, 'residue': 'ALA', 'distance': np.float32(18.035)}, {'position': 274, 'residue': 'VAL', 'distance': np.float32(-6.276)}, {'position': 277, 'residue': 'CYS', 'distance': np.float32(7.317)}, {'position': 246, 'residue': 'MET', 'distance': np.float32(-21.463001)}, {'position': 138, 'residue': 'ALA', 'distance': np.float32(-1.0009999)}]}}",False,,[]
Y220C,V157I,"V157I,Y220C",1,7.159999999999968,9.710000000000036,2.550000000000068,3.8865489176944394,2.8944236745676934,-7.159749618746099,0.0,"{""burial"": 0.0, ""conservation"": 0.0, ""functional"": 0.0, ""msa_conservation"": 0.0}",a088aec410ac7d1f2bd977a1d0a609e1da9c41ca464be65e8b496c520b6b681b,9.710000000000036,9.710000000000036,9.710000000000036,2,0.0,0.0,True,0.65,0.65,🎯 Druggable Pocket,1.0,"{157: {'position': 157, 'druggability_score': 0.65, 'classification': 'High', 'flag': '🎯 Druggable Pocket', 'n_pocket_residues': 58, 'hydrophobic_count': 28, 'aromatic_count': 7, 'charged_count': 11, 'polar_count': 16, 'hydrophobic_ratio': 0.483, 'aromatic_ratio': 0.121, 'rescue_sasa': 2.28, 'pocket_residues': [{'position': 256, 'residue': 'THR', 'distance': np.float32(-5.505)}, {'position': 222, 'residue': 'PRO', 'distance': np.float32(12.648002)}, {'position': 255, 'residue': 'ILE', 'distance': np.float32(-1.006)}, {'position': 259, 'residue': 'ASP', 'distance': np.float32(-11.390999)}, {'position': 197, 'residue': 'VAL', 'distance': np.float32(12.273999)}, {'position': 107, 'residue': 'TYR', 'distance': np.float32(-2.4640002)}, {'position': 261, 'residue': 'SER', 'distance': np.float32(-18.112)}, {'position': 156, 'residue': 'ARG', 'distance': np.float32(-2.6599998)}, {'position': 196, 'residue': 'ARG', 'distance': np.float32(9.522)}, {'position': 153, 'residue': 'PRO', 'distance': np.float32(-2.7370005)}]}}",False,,[]
Y220C,V143I,"V143I,Y220C",1,7.159999999999968,9.799999999999955,2.6399999999999864,4.664656048957889,4.179347286460498,-9.017899527707096,0.0,"{""burial"": 0.0, ""conservation"": 0.0, ""functional"": 0.0, ""msa_conservation"": 0.0}",c191ef30ec8849bcb6f3ed42da18065346230c2557bed9ebd97fecdfe6819931,9.799999999999955,9.799999999999955,9.799999999999955,2,0.0,0.0,True,0.638,0.638,🎯 Druggable Pocket,1.0,"{143: {'position': 143, 'druggability_score': 0.638, 'classification': 'High', 'flag': '🎯 Druggable Pocket', 'n_pocket_residues': 55, 'hydrophobic_count': 22, 'aromatic_count': 10, 'charged_count': 10, 'polar_count': 22, 'hydrophobic_ratio': 0.4, 'aromatic_ratio': 0.182, 'rescue_sasa': None, 'pocket_residues': [{'position': 256, 'residue': 'THR', 'distance': np.float32(-21.486)}, {'position': 271, 'residue': 'GLU', 'distance': np.float32(-10.809)}, {'position': 113, 'residue': 'PHE', 'distance': np.float32(3.9440002)}, {'position': 255, 'residue': 'ILE', 'distance': np.float32(-16.987)}, {'position': 135, 'residue': 'CYS', 'distance': np.float32(5.409)}, {'position': 132, 'residue': 'LYS', 'distance': np.float32(-4.318001)}, {'position': 197, 'residue': 'VAL', 'distance': np.float32(-3.7070003)}, {'position': 196, 'residue': 'ARG', 'distance': np.float32(-6.459)}, {'position': 234, 'residue': 'TYR', 'distance': np.float32(-1.296)}, {'position': 218, 'residue': 'VAL', 'distance': np.float32(-12.325999)}]}}",False,,[]
Y220C,L145M,"L145M,Y220C",1,7.159999999999968,9.930000000000064,2.7700000000000955,5.248922383777487,2.554254524333733,-8.31373043289323,0.0,"{""burial"": 0.0, ""conservation"": 0.0, ""functional"": 0.0, ""msa_conservation"": 0.0}",a68cac47680676d1e46c157b56f70dfddde22d107ff9c68c0a837b1a3ceb2a43,9.930000000000064,9.930000000000064,9.930000000000064,2,0.0,0.0,True,0.633,0.633,🎯 Druggable Pocket,1.0,"{145: {'position': 145, 'druggability_score': 0.633, 'classification': 'High', 'flag': '🎯 Druggable Pocket', 'n_pocket_residues': 52, 'hydrophobic_count': 21, 'aromatic_count': 8, 'charged_count': 10, 'polar_count': 18, 'hydrophobic_ratio': 0.404, 'aromatic_ratio': 0.154, 'rescue_sasa': 3.35, 'pocket_residues': [{'position': 256, 'residue': 'THR', 'distance': np.float32(-16.571)}, {'position': 113, 'residue': 'PHE', 'distance': np.float32(8.858999)}, {'position': 222, 'residue': 'PRO', 'distance': np.float32(1.5820017)}, {'position': 255, 'residue': 'ILE', 'distance': np.float32(-12.0720005)}, {'position': 224, 'residue': 'GLU', 'distance': np.float32(12.879002)}, {'position': 104, 'residue': 'GLN', 'distance': np.float32(-16.033)}, {'position': 228, 'residue': 'ASP', 'distance': np.float32(9.683999)}, {'position': 150, 'residue': 'THR', 'distance': np.float32(-6.943)}, {'position': 107, 'residue': 'TYR', 'distance': np.float32(-13.530001)}, {'position': 156, 'residue': 'ARG', 'distance': np.float32(-13.726)}]}}",False,,[]
Y220C,V217L,"V217L,Y220C",1,7.159999999999968,10.460000000000036,3.300000000000068,3.94371217115524,4.595491663019087,-7.877230370821941,0.0,"{""burial"": 0.0, ""conservation"": 0.0, ""functional"": 0.0, ""msa_conservation"": 0.0}",d23e2e7a8db2ec4d6f929d8641f41da5722e76610608ed5970c42b237aaaf987,10.460000000000036,10.460000000000036,10.460000000000036,2,0.0,0.0,True,0.626,0.626,🎯 Druggable Pocket,1.0,"{217: {'position': 217, 'druggability_score': 0.626, 'classification': 'High', 'flag': '🎯 Druggable Pocket', 'n_pocket_residues': 50, 'hydrophobic_count': 22, 'aromatic_count': 6, 'charged_count': 15, 'polar_count': 11, 'hydrophobic_ratio': 0.44, 'aromatic_ratio': 0.12, 'rescue_sasa': 1.21, 'pocket_residues': [{'position': 256, 'residue': 'THR', 'distance': np.float32(-4.582)}, {'position': 255, 'residue': 'ILE', 'distance': np.float32(-0.08300018)}, {'position': 259, 'residue': 'ASP', 'distance': np.float32(-10.467999)}, {'position': 197, 'residue': 'VAL', 'distance': np.float32(13.1970005)}, {'position': 261, 'residue': 'SER', 'distance': np.float32(-17.189001)}, {'position': 156, 'residue': 'ARG', 'distance': np.float32(-1.737)}, {'position': 196, 'residue': 'ARG', 'distance': np.float32(10.445)}, {'position': 234, 'residue': 'TYR', 'distance': np.float32(15.608)}, {'position': 218, 'residue': 'VAL', 'distance': np.float32(4.578)}, {'position': 200, 'residue': 'ASN', 'distance': np.float32(16.159)}]}}",False,,[]
Y220C,T211V,"T211V,Y220C",1,7.159999999999968,10.460000000000036,3.300000000000068,4.162639621597273,12.085492452011097,-7.986875349063357,0.075,"{""burial"": 0.5, ""conservation"": 0.0, ""functional"": 0.0, ""msa_conservation"": 0.0}",8fc90da6afc4cf943431603fae71a92053e2835a1fd6dd174c81d432b5609436,10.460000000000036,10.460000000000036,10.460000000000036,2,0.0,0.0,True,0.633,0.633,🎯 Druggable Pocket,1.0,"{211: {'position': 211, 'druggability_score': 0.633, 'classification': 'High', 'flag': '🎯 Druggable Pocket', 'n_pocket_residues': 30, 'hydrophobic_count': 14, 'aromatic_count': 3, 'charged_count': 8, 'polar_count': 8, 'hydrophobic_ratio': 0.467, 'aromatic_ratio': 0.1, 'rescue_sasa': 24.95, 'pocket_residues': [{'position': 209, 'residue': 'ARG', 'distance': np.float32(-0.276999)}, {'position': 172, 'residue': 'VAL', 'distance': np.float32(10.0720005)}, {'position': 92, 'residue': 'PRO', 'distance': np.float32(-2.8470001)}, {'position': 212, 'residue': 'PHE', 'distance': np.float32(4.3730006)}, {'position': 169, 'residue': 'MET', 'distance': np.float32(7.2560005)}, {'position': 91, 'residue': 'TRP', 'distance': np.float32(1.5360012)}, {'position': 215, 'residue': 'SER', 'distance': np.float32(17.557999)}, {'position': 97, 'residue': 'VAL', 'distance': np.float32(2.006001)}, {'position': 206, 'residue': 'LEU', 'distance': np.float32(14.387)}, {'position': 94, 'residue': 'SER', 'distance': np.float32(-2.2399998)}]}}",False,,[]
Y220C,V172L,"V172L,Y220C",1,7.159999999999968,10.580000000000041,3.4200000000000728,3.693045577308009,12.742216240004376,-9.301300103002955,0.075,"{""burial"": 0.5, ""conservation"": 0.0, ""functional"": 0.0, ""msa_conservation"": 0.0}",182775e708705f20cd0bfcec34645f5a95b597ce727ee47bc4d1c76b022f024d,10.580000000000041,10.580000000000041,10.580000000000041,2,0.0,0.0,True,0.626,0.626,🎯 Druggable Pocket,1.0,"{172: {'position': 172, 'druggability_score': 0.626, 'classification': 'High', 'flag': '🎯 Druggable Pocket', 'n_pocket_residues': 50, 'hydrophobic_count': 21, 'aromatic_count': 6, 'charged_count': 12, 'polar_count': 15, 'hydrophobic_ratio': 0.42, 'aromatic_ratio': 0.12, 'rescue_sasa': 26.09, 'pocket_residues': [{'position': 172, 'residue': 'LEU', 'distance': np.float32(0.0)}, {'position': 166, 'residue': 'SER', 'distance': np.float32(-3.6919994)}, {'position': 92, 'residue': 'PRO', 'distance': np.float32(-12.919001)}, {'position': 246, 'residue': 'MET', 'distance': np.float32(13.087001)}, {'position': 165, 'residue': 'GLN', 'distance': np.float32(2.896)}, {'position': 212, 'residue': 'PHE', 'distance': np.float32(-5.6989994)}, {'position': 169, 'residue': 'MET', 'distance': np.float32(-2.8159995)}, {'position': 249, 'residue': 'ARG', 'distance': np.float32(11.887001)}, {'position': 91, 'residue': 'TRP', 'distance': np.float32(-8.535999)}, {'position': 215, 'residue': 'SER', 'distance': np.float32(7.486)}]}}",False,,[]
Y220C,V218M,"V218M,Y220C",1,7.159999999999968,10.789999999999964,3.6299999999999955,5.157832631636505,3.1706697024926274,-8.699740844497882,0.0,"{""burial"": 0.0, ""conservation"": 0.0, ""functional"": 0.0, ""msa_conservation"": 0.0}",08b5ef5b545181beef5435f8f331e9116184759a98e07ae2d3cda3de04889859,10.789999999999964,10.789999999999964,10.789999999999964,2,0.0,0.0,True,0.635,0.635,🎯 Druggable Pocket,1.0,"{218: {'position': 218, 'druggability_score': 0.635, 'classification': 'High', 'flag': '🎯 Druggable Pocket', 'n_pocket_residues': 46, 'hydrophobic_count': 21, 'aromatic_count': 5, 'charged_count': 11, 'polar_count': 11, 'hydrophobic_ratio': 0.457, 'aromatic_ratio': 0.109, 'rescue_sasa': 3.62, 'pocket_residues': [{'position': 256, 'residue': 'THR', 'distance': np.float32(-9.16)}, {'position': 222, 'residue': 'PRO', 'distance': np.float32(8.993001)}, {'position': 255, 'residue': 'ILE', 'distance': np.float32(-4.6610003)}, {'position': 259, 'residue': 'ASP', 'distance': np.float32(-15.046)}, {'position': 197, 'residue': 'VAL', 'distance': np.float32(8.6189995)}, {'position': 156, 'residue': 'ARG', 'distance': np.float32(-6.315)}, {'position': 196, 'residue': 'ARG', 'distance': np.float32(5.8670006)}, {'position': 234, 'residue': 'TYR', 'distance': np.float32(11.03)}, {'position': 218, 'residue': 'MET', 'distance': np.float32(0.0)}, {'position': 200, 'residue': 'ASN', 'distance': np.float32(11.580999)}]}}",False,,[]
Y220C,G266A,"G266A,Y220C",1,7.159999999999968,11.019999999999982,3.8600000000000136,3.477277002604993,6.124570247598882,-7.258920205609696,0.0,"{""burial"": 0.0, ""conservation"": 0.0, ""functional"": 0.0, ""msa_conservation"": 0.0}",4ff9ea57595a201adee5771457645a26119cb2112f6c8573d6b10ff0cc5c19f5,11.019999999999982,11.019999999999982,11.019999999999982,2,0.0,0.0,True,0.61,0.61,🎯 Druggable Pocket,1.0,"{266: {'position': 266, 'druggability_score': 0.61, 'classification': 'High', 'flag': '🎯 Druggable Pocket', 'n_pocket_residues': 41, 'hydrophobic_count': 15, 'aromatic_count': 4, 'charged_count': 8, 'polar_count': 15, 'hydrophobic_ratio': 0.366, 'aromatic_ratio': 0.098, 'rescue_sasa': None, 'pocket_residues': [{'position': 256, 'residue': 'THR', 'distance': np.float32(2.0539994)}, {'position': 255, 'residue': 'ILE', 'distance': np.float32(6.5529995)}, {'position': 104, 'residue': 'GLN', 'distance': np.float32(2.5919988)}, {'position': 259, 'residue': 'ASP', 'distance': np.float32(-3.8320003)}, {'position': 101, 'residue': 'LYS', 'distance': np.float32(-4.967001)}, {'position': 150, 'residue': 'THR', 'distance': np.float32(11.682)}, {'position': 107, 'residue': 'TYR', 'distance': np.float32(5.0949993)}, {'position': 156, 'residue': 'ARG', 'distance': np.float32(4.898999)}, {'position': 264, 'residue': 'LEU', 'distance': np.float32(-7.725001)}, {'position': 106, 'residue': 'SER', 'distance': np.float32(-1.1060009)}]}}",False,,[]
