target,rescue_mutations,full_mutations,n_rescue,ddg_seed,ddg_total,ddg_gain,risk,risk_components,set_id,is_pareto
R248Q,R196Q,"R196Q,R248Q",1,-1.9500000000000455,-12.75,-10.799999999999955,0.1,"{""burial"": 0.5, ""conservation"": 0.0, ""functional"": 0.0}",9bcf210a26e75b0a721acd2a0fb98400f2f31cb3d4ac5cd6513ca866b5075300,True
R248Q,M133L,"M133L,R248Q",1,-1.9500000000000455,-7.5499999999999545,-5.599999999999909,0.0,"{""burial"": 0.0, ""conservation"": 0.0, ""functional"": 0.0}",d158f578a0f0677f2a06ca6c1ec614f97d7526ecada407bc0d6ff80cfb7138ba,True
R248Q,"R196Q,S95A","R196Q,R248Q,S95A",2,-1.9500000000000455,-18.980000000000018,-17.029999999999973,0.1,"{""burial"": 0.5, ""conservation"": 0.0, ""functional"": 0.0}",d22dc7df519c663ac3d63869a45cc9dba396d9eec0b74a0205a716aa46b1f0c4,True
R248Q,"M133L,R196Q","M133L,R196Q,R248Q",2,-1.9500000000000455,-18.019999999999982,-16.069999999999936,0.05,"{""burial"": 0.25, ""conservation"": 0.0, ""functional"": 0.0}",930f3b596fb475b3f628ca30b769289d77ebc62b66744cc6619e8baf9e44fe6b,True
R248Q,"A189S,M133L","A189S,M133L,R248Q",2,-1.9500000000000455,-12.069999999999936,-10.11999999999989,0.0,"{""burial"": 0.0, ""conservation"": 0.0, ""functional"": 0.0}",bdc7f39ec311b30332354c598f1506e04e17e7096f110896fa0f516f54778f09,True
R248Q,"M133L,R196Q,S95A","M133L,R196Q,R248Q,S95A",3,-1.9500000000000455,-24.25,-22.299999999999955,0.06666666666666667,"{""burial"": 0.3333333333333333, ""conservation"": 0.0, ""functional"": 0.0}",5b900eeaeacfdbb908e98d119017b583033fa0dbe945121ce925391985e597b0,True
R248Q,"M133L,R196Q,R213Q","M133L,R196Q,R213Q,R248Q",3,-1.9500000000000455,-20.970000000000027,-19.019999999999982,0.03333333333333333,"{""burial"": 0.16666666666666666, ""conservation"": 0.0, ""functional"": 0.0}",d166211c72e344520960b806df3f7702c264d056f2361be16c864bc65131daff,True
R248Q,R196K,"R196K,R248Q",1,-1.9500000000000455,-11.93999999999994,-9.989999999999895,0.1,"{""burial"": 0.5, ""conservation"": 0.0, ""functional"": 0.0}",d1eb918382330b0df30cbd2edb754b8cd408dc254de8dd65072dd09aa19e6301,False
R248Q,R196H,"R196H,R248Q",1,-1.9500000000000455,-11.519999999999982,-9.569999999999936,0.1,"{""burial"": 0.5, ""conservation"": 0.0, ""functional"": 0.0}",70e176eaa78c3aa1dcf32c5f9097b446599db02ef8ac5bc458fc773a7ff4ef67,False
R248Q,S95A,"R248Q,S95A",1,-1.9500000000000455,-8.17999999999995,-6.2299999999999045,0.1,"{""burial"": 0.5, ""conservation"": 0.0, ""functional"": 0.0}",24f34dea4b00bfe55ef926931414f5e7bd1df56b9bb2aeedcc37c40427c7864f,False
R248Q,T211A,"R248Q,T211A",1,-1.9500000000000455,-7.3700000000000045,-5.419999999999959,0.1,"{""burial"": 0.5, ""conservation"": 0.0, ""functional"": 0.0}",a6e0d398c33e4bad946ec12bbe55349c25a739d1ef6d86353039c7ec381f5078,False
R248Q,T211S,"R248Q,T211S",1,-1.9500000000000455,-7.149999999999977,-5.199999999999932,0.1,"{""burial"": 0.5, ""conservation"": 0.0, ""functional"": 0.0}",315fcc097544e3ed505e5344c8043b621526aa51ecc313aaa0c30e69607c5580,False
R248Q,H214N,"H214N,R248Q",1,-1.9500000000000455,-6.539999999999964,-4.589999999999918,0.1,"{""burial"": 0.5, ""conservation"": 0.0, ""functional"": 0.0}",27649553228eb789077dd176638a1367952b12fb7fba20b3741117632a84b11f,False
R248Q,A189S,"A189S,R248Q",1,-1.9500000000000455,-6.470000000000027,-4.519999999999982,0.0,"{""burial"": 0.0, ""conservation"": 0.0, ""functional"": 0.0}",b9b84b79e626e006ba5d83f5a687db7862abebc47fd7c38f9a48537bfe16c9f2,False
R248Q,C229A,"C229A,R248Q",1,-1.9500000000000455,-6.350000000000023,-4.399999999999977,0.1,"{""burial"": 0.5, ""conservation"": 0.0, ""functional"": 0.0}",e6021874fe9591797f251d314b8bee746bf45d2f4af4217d473aa9aa333d8099,False
R248Q,C229S,"C229S,R248Q",1,-1.9500000000000455,-6.159999999999968,-4.209999999999923,0.1,"{""burial"": 0.5, ""conservation"": 0.0, ""functional"": 0.0}",887df06fb85412c5522bd3f49ded43de099d2c1c802578fae3786d47be5fe603,False
R248Q,S269A,"R248Q,S269A",1,-1.9500000000000455,-6.0499999999999545,-4.099999999999909,0.1,"{""burial"": 0.5, ""conservation"": 0.0, ""functional"": 0.0}",52f351475da3155d0cd84ef38dfe4336082b002bec20526c042607e4d2afd39f,False
R248Q,A189G,"A189G,R248Q",1,-1.9500000000000455,-6.039999999999964,-4.089999999999918,0.0,"{""burial"": 0.0, ""conservation"": 0.0, ""functional"": 0.0}",8f649a43c8d96cbabd6234c4aaa623ff251b579626f7eefbe4ba5d313a09e09c,False
R248Q,S269N,"R248Q,S269N",1,-1.9500000000000455,-5.419999999999959,-3.4699999999999136,0.1,"{""burial"": 0.5, ""conservation"": 0.0, ""functional"": 0.0}",ad4e6bfd24d276c23bfa67f3e5a9138c070b1439a5e0f794eb343137b5c562e6,False
R248Q,T230A,"R248Q,T230A",1,-1.9500000000000455,-4.970000000000027,-3.019999999999982,0.1,"{""burial"": 0.5, ""conservation"": 0.0, ""functional"": 0.0}",2454345b75b03e03cf643ed6acab1301fc645fa730d572c2a8d95af859f29375,False
