target,rescue_mutations,full_mutations,n_rescue,ddg_seed,ddg_total,ddg_gain,rasp_ddg,allosteric_dist,docking_affinity,risk,risk_components,set_id,ddg_alphafold,ddg_2ocj_core,ddg_consensus,structures_scored,ddg_std,ddg_range,is_pareto
Y220C,R196Q,"R196Q,Y220C",1,7.159999999999968,-3.6299999999999955,-10.789999999999964,5.562346639243336,7.949844733107533,-7.903627341527526,0.075,"{""burial"": 0.5, ""conservation"": 0.0, ""functional"": 0.0, ""msa_conservation"": 0.0}",9bcf210a26e75b0a721acd2a0fb98400f2f31cb3d4ac5cd6513ca866b5075300,-3.6299999999999955,-3.6299999999999955,-3.6299999999999955,2,0.0,0.0,True
Y220C,R196K,"R196K,Y220C",1,7.159999999999968,-2.830000000000041,-9.990000000000009,5.45520365021594,7.949844733107533,-5.67832174268419,0.075,"{""burial"": 0.5, ""conservation"": 0.0, ""functional"": 0.0, ""msa_conservation"": 0.0}",d1eb918382330b0df30cbd2edb754b8cd408dc254de8dd65072dd09aa19e6301,-2.830000000000041,-2.830000000000041,-2.830000000000041,2,0.0,0.0,True
Y220C,R196H,"R196H,Y220C",1,7.159999999999968,-2.3999999999999773,-9.559999999999945,5.0836521531379475,7.949844733107533,-6.325209256936738,0.075,"{""burial"": 0.5, ""conservation"": 0.0, ""functional"": 0.0, ""msa_conservation"": 0.0}",70e176eaa78c3aa1dcf32c5f9097b446599db02ef8ac5bc458fc773a7ff4ef67,-2.3999999999999773,-2.3999999999999773,-2.3999999999999773,2,0.0,0.0,True
Y220C,S95A,"S95A,Y220C",1,7.159999999999968,0.9300000000000637,-6.2299999999999045,3.342978606996665,13.749687607424317,-8.907596711379345,0.075,"{""burial"": 0.5, ""conservation"": 0.0, ""functional"": 0.0, ""msa_conservation"": 0.0}",24f34dea4b00bfe55ef926931414f5e7bd1df56b9bb2aeedcc37c40427c7864f,0.9300000000000637,0.9300000000000637,0.9300000000000637,2,0.0,0.0,True
Y220C,M133L,"M133L,Y220C",1,7.159999999999968,1.5600000000000591,-5.599999999999909,3.5823078669002344,9.052306447207814,-6.11369397331056,0.0,"{""burial"": 0.0, ""conservation"": 0.0, ""functional"": 0.0, ""msa_conservation"": 0.0}",d158f578a0f0677f2a06ca6c1ec614f97d7526ecada407bc0d6ff80cfb7138ba,1.5600000000000591,1.5600000000000591,1.5600000000000591,2,0.0,0.0,True
Y220C,T211A,"T211A,Y220C",1,7.159999999999968,1.75,-5.409999999999968,4.445130050943448,12.085492452011097,-8.646036062924596,0.075,"{""burial"": 0.5, ""conservation"": 0.0, ""functional"": 0.0, ""msa_conservation"": 0.0}",a6e0d398c33e4bad946ec12bbe55349c25a739d1ef6d86353039c7ec381f5078,1.75,1.75,1.75,2,0.0,0.0,True
Y220C,A189S,"A189S,Y220C",1,7.159999999999968,2.6499999999999773,-4.509999999999991,4.710124600831642,9.48323949712667,-6.309926990493482,0.0,"{""burial"": 0.0, ""conservation"": 0.0, ""functional"": 0.0, ""msa_conservation"": 0.0}",b9b84b79e626e006ba5d83f5a687db7862abebc47fd7c38f9a48537bfe16c9f2,2.6499999999999773,2.6499999999999773,2.6499999999999773,2,0.0,0.0,True
Y220C,C229A,"C229A,Y220C",1,7.159999999999968,2.769999999999982,-4.389999999999986,4.6000903111368885,0.0,-8.374059444797886,0.075,"{""burial"": 0.5, ""conservation"": 0.0, ""functional"": 0.0, ""msa_conservation"": 0.0}",e6021874fe9591797f251d314b8bee746bf45d2f4af4217d473aa9aa333d8099,2.769999999999982,2.769999999999982,2.769999999999982,2,0.0,0.0,True
Y220C,C229S,"C229S,Y220C",1,7.159999999999968,2.9600000000000364,-4.199999999999932,5.5673552093906835,0.0,-9.338918940700866,0.075,"{""burial"": 0.5, ""conservation"": 0.0, ""functional"": 0.0, ""msa_conservation"": 0.0}",887df06fb85412c5522bd3f49ded43de099d2c1c802578fae3786d47be5fe603,2.9600000000000364,2.9600000000000364,2.9600000000000364,2,0.0,0.0,True
Y220C,S269A,"S269A,Y220C",1,7.159999999999968,3.060000000000059,-4.099999999999909,3.812328113187174,8.171211171950066,-6.828219035069013,0.075,"{""burial"": 0.5, ""conservation"": 0.0, ""functional"": 0.0, ""msa_conservation"": 0.0}",52f351475da3155d0cd84ef38dfe4336082b002bec20526c042607e4d2afd39f,3.060000000000059,3.060000000000059,3.060000000000059,2,0.0,0.0,True
Y220C,A189G,"A189G,Y220C",1,7.159999999999968,3.080000000000041,-4.079999999999927,5.518156870349325,9.48323949712667,-8.351954476525808,0.0,"{""burial"": 0.0, ""conservation"": 0.0, ""functional"": 0.0, ""msa_conservation"": 0.0}",8f649a43c8d96cbabd6234c4aaa623ff251b579626f7eefbe4ba5d313a09e09c,3.080000000000041,3.080000000000041,3.080000000000041,2,0.0,0.0,True
Y220C,Y163F,"Y163F,Y220C",1,7.159999999999968,4.039999999999964,-3.1200000000000045,4.0458204428289,12.885900531011295,-6.8784295725616555,0.0,"{""burial"": 0.0, ""conservation"": 0.0, ""functional"": 0.0, ""msa_conservation"": 0.0}",d5567b1ef2f55e2cf38060786bb0528d55971412cf0e3d7bb0c4291da2cede9c,4.039999999999964,4.039999999999964,4.039999999999964,2,0.0,0.0,True
Y220C,S215A,"S215A,Y220C",1,7.159999999999968,4.149999999999977,-3.009999999999991,3.808289808077548,7.690578433581339,-5.606442430592116,0.0,"{""burial"": 0.0, ""conservation"": 0.0, ""functional"": 0.0, ""msa_conservation"": 0.0}",d5f7bac14301b8a10aeef674ff58aa2319ac27477d454b4336020b91cddd84a2,4.149999999999977,4.149999999999977,4.149999999999977,2,0.0,0.0,True
Y220C,R213Q,"R213Q,Y220C",1,7.159999999999968,4.220000000000027,-2.939999999999941,5.382432704284051,10.641326208998958,-8.477280308502232,0.0,"{""burial"": 0.0, ""conservation"": 0.0, ""functional"": 0.0, ""msa_conservation"": 0.0}",5d5a5f82a86894cfd0427f0b629f744cebf7a8fd8a369ef4490af7e402b8a314,4.220000000000027,4.220000000000027,4.220000000000027,2,0.0,0.0,True
Y220C,V147L,"V147L,Y220C",1,7.159999999999968,4.440000000000055,-2.7199999999999136,4.3497528945683905,3.699124521346405,-7.418341723269965,0.075,"{""burial"": 0.5, ""conservation"": 0.0, ""functional"": 0.0, ""msa_conservation"": 0.0}",44f2cf7d6494a7c34678dba0bda694b680747b3171fa765b2a79cafb14863e67,4.440000000000055,4.440000000000055,4.440000000000055,2,0.0,0.0,True
Y220C,A161S,"A161S,Y220C",1,7.159999999999968,4.519999999999982,-2.6399999999999864,5.279031981455984,9.633477379097032,-7.182880729692894,0.0,"{""burial"": 0.0, ""conservation"": 0.0, ""functional"": 0.0, ""msa_conservation"": 0.0}",d0c47eabc58bfe967116b746a7fe6040c91134092a3fa8ad15c91ca03686f7de,4.519999999999982,4.519999999999982,4.519999999999982,2,0.0,0.0,True
Y220C,V172I,"V172I,Y220C",1,7.159999999999968,4.82000000000005,-2.339999999999918,3.4686856662835686,12.742216240004376,-5.9298941646113565,0.075,"{""burial"": 0.5, ""conservation"": 0.0, ""functional"": 0.0, ""msa_conservation"": 0.0}",7bc9a7a5c447dd0a983e7991dac10e105dc6a38a762323d6945c1c24208b71f4,4.82000000000005,4.82000000000005,4.82000000000005,2,0.0,0.0,True
Y220C,I162M,"I162M,Y220C",1,7.159999999999968,4.8700000000000045,-2.2899999999999636,5.038140005606281,11.156163490451528,-7.854732079790153,0.0,"{""burial"": 0.0, ""conservation"": 0.0, ""functional"": 0.0, ""msa_conservation"": 0.0}",bb93a5fd41e810f469378e749c6bbd9461fed107c658b29376333f60b9cd5e0c,4.8700000000000045,4.8700000000000045,4.8700000000000045,2,0.0,0.0,True
Y220C,T230A,"T230A,Y220C",1,7.159999999999968,5.519999999999982,-1.6399999999999864,4.562997454443884,0.0,-5.824112122241508,0.075,"{""burial"": 0.5, ""conservation"": 0.0, ""functional"": 0.0, ""msa_conservation"": 0.0}",2454345b75b03e03cf643ed6acab1301fc645fa730d572c2a8d95af859f29375,5.519999999999982,5.519999999999982,5.519999999999982,2,0.0,0.0,True
Y220C,I251V,"I251V,Y220C",1,7.159999999999968,5.6200000000000045,-1.5399999999999636,4.987538690558557,11.888594705936915,-7.413279099908368,0.0,"{""burial"": 0.0, ""conservation"": 0.0, ""functional"": 0.0, ""msa_conservation"": 0.0}",4a24dcf67a8baa123eedffaeb30500dedddc6d23ff8b8e45c4e0a042d9abb141,5.6200000000000045,5.6200000000000045,5.6200000000000045,2,0.0,0.0,True
