variation_id,accession,gene_symbol,protein_hgvs,coding_hgvs,transcript,molecular_consequence,clinical_significance,review_status,last_evaluated,pos,ref,alt,label
3460308,SCV005522098,TP53,p.Ser94Ala,c.280T>G,NM_000546.6,missense variant,Likely benign,"criteria provided, single submitter",2024-07-23,94,S,A,benign
1796426,SCV002746645,TP53,p.Ser94Leu,c.281C>T,NM_000546.6,missense variant,Likely benign,"criteria provided, single submitter",2020-09-25,94,S,L,benign
4189261,SCV006451523,TP53,p.Ser95Thr,c.283T>A,NM_000546.6,missense variant,Likely benign,"criteria provided, single submitter",2025-06-23,95,S,T,benign
634707,SCV000923907,TP53,p.Q100X,c.298C>T,NM_000546.6,nonsense,Pathogenic,no assertion criteria provided,2025-02-04,100,Q,X,pathogenic
428884,SCV000581123,TP53,p.G105C,c.313G>A,NM_000546.6,missense variant,Likely pathogenic,"criteria provided, multiple submitters, no conflicts",2025-09-10,105,G,C,pathogenic
406574,SCV000581141,TP53,p.Gly105Arg,c.313G>C,NM_000546.6,missense variant,Pathogenic,"criteria provided, single submitter",2023-10-04,105,G,R,pathogenic
428884,SCV000581123,TP53,p.Gly105Ser,c.313G>A,NM_000546.6,missense variant,Likely pathogenic,"criteria provided, multiple submitters, no conflicts",2025-09-10,105,G,S,pathogenic
634708,SCV000923910,TP53,p.Gly105Val,c.314G>T,NM_000546.6,missense variant,Likely pathogenic,no assertion criteria provided,2025-10-20,105,G,V,pathogenic
140786,SCV000697439,TP53,p.Tyr107His,c.319T>C,NM_000546.5,missense variant,Benign/Likely benign,"criteria provided, multiple submitters, no conflicts",2024-08-05,107,Y,H,benign
634784,SCV000924117,TP53,p.Phe109Cys,c.326T>G,NM_000546.6,missense variant,Likely pathogenic,no assertion criteria provided,2024-02-12,109,F,C,pathogenic
2627017,SCV004098979,TP53,p.Phe109Ile,c.325T>A,NM_000546.6,missense variant,Likely pathogenic,"criteria provided, single submitter",2023-10-26,109,F,I,pathogenic
389644,SCV000532251,TP53,p.Phe109Val,c.325T>G,NM_000546.6,missense variant,Likely pathogenic,"criteria provided, single submitter",2024-03-06,109,F,V,pathogenic
406597,SCV000923916,TP53,p.R110H,c.329G>T,NM_000546.6,missense variant,Pathogenic,reviewed by expert panel,2025-03-04,110,R,H,pathogenic
4533295,SCV007113938,TP53,p.Arg110Leu,c.322_332delinsATTCA,NM_000546.6,inframe_indel,Likely pathogenic,reviewed by expert panel,2025-12-05,110,R,L,pathogenic
4533295,SCV007113938,TP53,p.Arg110Pro,c.322_332delinsATTCA,NM_000546.6,inframe_indel,Likely pathogenic,reviewed by expert panel,2025-12-05,110,R,P,pathogenic
376630,SCV000545305,TP53,p.Leu111Pro,c.332T>C,NM_000546.6,missense variant,Pathogenic,reviewed by expert panel,2025-12-05,111,L,P,pathogenic
376632,SCV001204973,TP53,p.Leu111Gln,c.332T>A,NM_000546.6,missense variant,Pathogenic,reviewed by expert panel,2025-06-05,111,L,Q,pathogenic
376631,SCV004331706,TP53,p.Leu111Arg,c.332T>G,NM_000546.6,missense variant,Likely pathogenic,reviewed by expert panel,2025-12-05,111,L,R,pathogenic
458560,SCV001432240,TP53,p.Gly112Ala,c.731G>C,NM_000546.6,missense variant,Pathogenic,"criteria provided, single submitter",2024-12-02,112,G,A,pathogenic
372785,SCV000491278,TP53,p.Gly112Asp,c.731G>A,NM_000546.6,missense variant,Pathogenic/Likely pathogenic,"criteria provided, multiple submitters, no conflicts",2025-03-04,112,G,D,pathogenic
376600,SCV001434346,TP53,p.Gly112Ser,c.730G>A,NM_000546.6,missense variant,Pathogenic,"criteria provided, multiple submitters, no conflicts",2025-03-04,112,G,S,pathogenic
376601,SCV000923906,TP53,p.Gly112Val,c.731G>T,NM_000546.6,missense variant,Likely pathogenic,no assertion criteria provided,2024-02-16,112,G,V,pathogenic
634690,SCV000923856,TP53,p.Phe113Cys,c.338T>G,NM_000546.6,missense variant,Likely pathogenic,no assertion criteria provided,2024-12-16,113,F,C,pathogenic
823709,SCV001181614,TP53,p.F113I,c.338T>C,NM_000546.6,missense variant,Pathogenic,"criteria provided, single submitter",2025-07-08,113,F,I,pathogenic
2702402,SCV004366285,TP53,p.Phe113Leu,c.339C>G,NM_000546.6,missense variant,Pathogenic,"criteria provided, single submitter",2024-08-20,113,F,L,pathogenic
823709,SCV001181614,TP53,p.Phe113Ser,c.338T>C,NM_000546.6,missense variant,Pathogenic,"criteria provided, single submitter",2025-07-08,113,F,S,pathogenic
823709,SCV001181614,TP53,p.F113V,c.338T>C,NM_000546.6,missense variant,Pathogenic,"criteria provided, single submitter",2025-07-08,113,F,V,pathogenic
182925,SCV001360869,TP53,p.His115Arg,c.344A>G,NM_000546.6,missense variant,Likely benign,"criteria provided, single submitter",2025-01-16,115,H,R,benign
949408,SCV005036216,TP53,p.Ala119Gly,c.356C>G,NM_000546.6,missense variant,Likely pathogenic,"criteria provided, single submitter",2024-12-20,119,A,G,pathogenic
141098,SCV000924094,TP53,p.Lys120Glu,c.358A>G,NM_000546.6,missense variant,Pathogenic,"criteria provided, single submitter",2025-01-15,120,K,E,pathogenic
4056245,SCV006277400,TP53,p.Cys124Arg,c.370T>C,NM_000546.6,missense variant,Likely pathogenic,"criteria provided, single submitter",2024-02-29,124,C,R,pathogenic
3809674,SCV005953356,TP53,p.Cys124Trp,c.372C>G,NM_000546.6,missense variant,Likely benign,"criteria provided, single submitter",2025-01-27,124,C,W,benign
216471,SCV001359329,TP53,p.Thr125Ile,c.851C>T,NM_000546.6,missense variant,Likely benign,reviewed by expert panel,2025-01-16,125,T,I,benign
183748,SCV000212818,TP53,p.Thr125Lys,c.374C>T,NM_000546.6,missense variant,Likely pathogenic,"criteria provided, multiple submitters, no conflicts",2025-03-04,125,T,K,pathogenic
183748,SCV000212818,TP53,p.Thr125Met,c.374C>T,NM_000546.6,missense variant,Likely pathogenic,"criteria provided, multiple submitters, no conflicts",2025-03-04,125,T,M,pathogenic
1763670,SCV002675435,TP53,p.Thr125Pro,c.850A>C,NM_000546.6,missense variant,Likely pathogenic,"criteria provided, single submitter",2025-03-04,125,T,P,pathogenic
376667,SCV002582406,TP53,p.Thr125Arg,c.374C>G,NM_000546.6,missense variant,Pathogenic/Likely pathogenic,"criteria provided, multiple submitters, no conflicts",2025-03-04,125,T,R,pathogenic
177825,SCV000692091,TP53,p.Thr125Thr,c.375G>A,NM_000546.6,synonymous variant,Pathogenic,"criteria provided, multiple submitters, no conflicts",2025-03-04,125,T,T,pathogenic
265333,SCV000924054,TP53,p.Tyr126Asp,c.376T>G,NM_000546.6,missense variant,Likely pathogenic,"criteria provided, single submitter",2025-01-06,126,Y,D,pathogenic
1734755,SCV003330472,TP53,p.Tyr126His,c.376T>C,NM_000546.6,missense variant,Pathogenic,"criteria provided, single submitter",2025-02-26,126,Y,H,pathogenic
219532,SCV000259447,TP53,p.Ser127Cys,c.380C>G,NM_000546.6,missense variant,Pathogenic,"criteria provided, single submitter",2023-07-14,127,S,C,pathogenic
182928,SCV000211743,TP53,p.Ser127Phe,c.380C>T,NM_000546.6,missense variant,Pathogenic/Likely pathogenic,"criteria provided, multiple submitters, no conflicts",2023-12-12,127,S,F,pathogenic
934410,SCV004932129,TP53,p.Ser127Pro,c.379T>C,NM_000546.6,missense variant,Pathogenic,"criteria provided, single submitter",2025-03-04,127,S,P,pathogenic
182928,SCV000211743,TP53,p.S127T,c.380C>T,NM_000546.6,missense variant,Pathogenic/Likely pathogenic,"criteria provided, multiple submitters, no conflicts",2023-12-12,127,S,T,pathogenic
1735669,SCV002620506,TP53,p.Ala129Asp,c.386C>A,NM_000546.6,missense variant,Benign,"criteria provided, single submitter",2021-11-10,129,A,D,benign
824314,SCV001182909,TP53,p.Ala129Ser,c.385G>T,NM_000546.6,missense variant,Likely benign,"criteria provided, single submitter",2022-08-06,129,A,S,benign
822635,SCV001179332,TP53,p.Leu130Phe,c.865C>T,NM_000546.6,missense variant,Likely benign,"criteria provided, single submitter",2024-03-05,130,L,F,benign
824351,SCV001182994,TP53,p.Leu130His,c.389T>A,NM_000546.6,missense variant,Pathogenic,"criteria provided, single submitter",2025-08-07,130,L,H,pathogenic
1172923,SCV001737929,TP53,p.Leu130Pro,c.866T>C,NM_000546.6,missense variant,Likely benign,reviewed by expert panel,2021-06-16,130,L,P,benign
824351,SCV001182994,TP53,p.L130V,c.389T>A,NM_000546.6,missense variant,Pathogenic,"criteria provided, single submitter",2025-08-07,130,L,V,pathogenic
142916,SCV000806249,TP53,p.Asn131Asp,c.787A>G,NM_000546.6,missense variant,Likely benign,"criteria provided, multiple submitters, no conflicts",2025-06-25,131,N,D,benign
4279056,SCV006554497,TP53,p.Asn131His,c.391A>C,NM_000546.6,missense variant,Likely pathogenic,"criteria provided, single submitter",2025-07-30,131,N,H,pathogenic
428902,SCV002582606,TP53,p.N131Y,c.392A>T,NM_000546.6,missense variant,Pathogenic,"criteria provided, multiple submitters, no conflicts",2024-02-13,131,N,Y,pathogenic
376624,SCV001140263,TP53,p.Lys132Asn,c.396G>C,NM_000546.6,missense variant,Likely pathogenic,"criteria provided, single submitter",2025-03-04,132,K,N,pathogenic
376625,SCV000545321,TP53,p.Lys132Arg,c.395A>G,NM_000546.6,missense variant,Pathogenic/Likely pathogenic,"criteria provided, multiple submitters, no conflicts",2025-03-04,132,K,R,pathogenic
376627,SCV005036121,TP53,p.Lys132Thr,c.395A>C,NM_000546.6,missense variant,Pathogenic,"criteria provided, single submitter",2024-02-06,132,K,T,pathogenic
2430159,SCV005732500,TP53,p.Met133Lys,c.398T>A,NM_000546.6,missense variant,Likely pathogenic,no assertion criteria provided,2025-03-04,133,M,K,pathogenic
12357,SCV000033398,TP53,p.Met133Thr,c.398T>C,NM_000546.6,missense variant,Pathogenic,"criteria provided, single submitter",2023-10-26,133,M,T,pathogenic
230477,SCV000778630,TP53,p.Phe134Cys,c.401T>G,NM_000546.6,missense variant,Likely pathogenic,"criteria provided, single submitter",2024-01-31,134,F,C,pathogenic
480953,SCV000664932,TP53,p.Phe134Ile,c.400T>A,NM_000546.6,missense variant,Pathogenic,"criteria provided, single submitter",2024-02-13,134,F,I,pathogenic
988615,SCV004932135,TP53,p.Phe134Val,c.400T>G,NM_000546.6,missense variant,Pathogenic,"criteria provided, single submitter",2024-02-13,134,F,V,pathogenic
376559,SCV004046830,TP53,p.Cys135Phe,c.404G>T,NM_000546.6,missense variant,Likely pathogenic,no assertion criteria provided,2024-06-07,135,C,F,pathogenic
376563,SCV000924087,TP53,p.Cys135Gly,c.403T>G,NM_000546.6,missense variant,Pathogenic,"criteria provided, single submitter",2024-08-05,135,C,G,pathogenic
376560,SCV004930381,TP53,p.Cys135Arg,c.403T>C,NM_000546.6,missense variant,Pathogenic,"criteria provided, single submitter",2024-02-13,135,C,R,pathogenic
141762,SCV000185255,TP53,p.Cys135Tyr,c.404G>A,NM_000546.6,missense variant,Pathogenic/Likely pathogenic,"criteria provided, multiple submitters, no conflicts",2024-11-22,135,C,Y,pathogenic
184863,SCV004204281,TP53,p.Ala138Val,c.413C>T,NM_000546.6,5 prime utr variant,Likely pathogenic,"criteria provided, single submitter",2024-02-05,138,A,V,pathogenic
376568,SCV001386224,TP53,p.Cys141Phe,c.422G>T,NM_000546.6,missense variant,Pathogenic,"criteria provided, single submitter",2025-06-05,141,C,F,pathogenic
376565,SCV002629030,TP53,p.Cys141Arg,c.421T>C,NM_000546.6,missense variant,Likely pathogenic,"criteria provided, single submitter",2022-10-17,141,C,R,pathogenic
376564,SCV000581134,TP53,p.Cys141Trp,c.423C>G,NM_000546.6,missense variant,Likely pathogenic,"criteria provided, single submitter",2024-08-14,141,C,W,pathogenic
140801,SCV000924082,TP53,p.Cys141Tyr,c.422G>A,NM_000546.6,missense variant,Pathogenic/Likely pathogenic,"criteria provided, multiple submitters, no conflicts",2025-03-04,141,C,Y,pathogenic
804214,SCV004933938,TP53,p.Val143Ala,c.428T>C,NM_000546.6,missense variant,Pathogenic,reviewed by expert panel,2024-08-05,143,V,A,pathogenic
804214,SCV004933938,TP53,p.V143M,c.428T>C,NM_000546.6,missense variant,Pathogenic,reviewed by expert panel,2024-08-05,143,V,M,pathogenic
142050,SCV000923833,TP53,p.Leu145Pro,c.434T>C,NM_000546.6,missense variant,Likely pathogenic,"criteria provided, single submitter",2024-03-04,145,L,P,pathogenic
480760,SCV000923878,TP53,p.Leu145Gln,c.434T>A,NM_000546.6,missense variant,Pathogenic/Likely pathogenic,"criteria provided, multiple submitters, no conflicts",2025-09-10,145,L,Q,pathogenic
3602769,SCV005689586,TP53,p.Val147Gly,c.440T>G,NM_000546.6,missense variant,Likely pathogenic,"criteria provided, single submitter",2025-02-04,147,V,G,pathogenic
376641,SCV002639765,TP53,p.Pro151Ala,c.451C>G,NM_000546.6,missense variant,Pathogenic,"criteria provided, single submitter",2024-10-10,151,P,A,pathogenic
824960,SCV001184367,TP53,p.Pro151Phe,c.451_452delinsTT,NM_000546.6,missense variant,Likely pathogenic,"criteria provided, single submitter",2019-10-04,151,P,F,pathogenic
418517,SCV001737923,TP53,p.Pro151Leu,c.569C>T,NM_000546.6,missense variant,Pathogenic,"criteria provided, single submitter",2022-06-27,151,P,L,pathogenic
376640,SCV004930509,TP53,p.Pro151Arg,c.452C>G,NM_000546.6,missense variant,Pathogenic,"criteria provided, single submitter",2024-09-15,151,P,R,pathogenic
12370,SCV000033416,TP53,p.Pro151Ser,c.451C>T,NM_000546.6,missense variant,Pathogenic,no assertion criteria provided,2025-02-11,151,P,S,pathogenic
142766,SCV000266135,TP53,p.Pro152Leu,c.455C>T,NM_000546.6,missense variant,Pathogenic,"criteria provided, multiple submitters, no conflicts",2025-03-04,152,P,L,pathogenic
824998,SCV002582394,TP53,p.Pro152Arg,c.455C>G,NM_000546.6,missense variant,Likely pathogenic,"criteria provided, multiple submitters, no conflicts",2023-04-11,152,P,R,pathogenic
482230,SCV002556720,TP53,p.Pro152Ser,c.454C>T,NM_000546.6,missense variant,Pathogenic,"criteria provided, single submitter",2024-05-31,152,P,S,pathogenic
406564,SCV002556080,TP53,p.Thr155Asn,c.464C>A,NM_000546.6,missense variant,Pathogenic/Likely pathogenic,"criteria provided, multiple submitters, no conflicts",2023-10-05,155,T,N,pathogenic
127825,SCV000693679,TP53,p.R156H,c.869G>A,NM_000546.6,missense variant,Benign/Likely benign,"criteria provided, multiple submitters, no conflicts",2024-08-05,156,R,H,benign
428887,SCV002582393,TP53,p.Val157Ala,c.470T>C,NM_000546.6,missense variant,Pathogenic/Likely pathogenic,"criteria provided, multiple submitters, no conflicts",2025-04-11,157,V,A,pathogenic
482231,SCV004932755,TP53,p.Val157Asp,c.470T>A,NM_000546.6,missense variant,Pathogenic,"criteria provided, single submitter",2024-07-03,157,V,D,pathogenic
428887,SCV002582393,TP53,p.V157F,c.470T>C,NM_000546.6,missense variant,Pathogenic/Likely pathogenic,"criteria provided, multiple submitters, no conflicts",2025-04-11,157,V,F,pathogenic
3148383,SCV004932590,TP53,p.Val157Gly,c.470_471delinsGT,NM_000546.6,missense variant,Likely pathogenic,"criteria provided, single submitter",2024-02-14,157,V,G,pathogenic
528248,SCV000754570,TP53,p.R158H,c.473G>T,NM_000546.6,missense variant,Pathogenic,reviewed by expert panel,2024-04-12,158,R,H,pathogenic
528248,SCV000754570,TP53,p.Arg158Leu,c.473G>T,NM_000546.6,missense variant,Pathogenic,reviewed by expert panel,2024-04-12,158,R,L,pathogenic
141963,SCV000692086,TP53,p.R158P,c.473G>A,NM_000546.6,missense variant,Pathogenic/Likely pathogenic,"criteria provided, multiple submitters, no conflicts",2025-03-27,158,R,P,pathogenic
1067910,SCV001577068,TP53,p.Arg158Ser,c.472C>A,NM_000546.6,missense variant,Pathogenic,"criteria provided, single submitter",2024-12-17,158,R,S,pathogenic
135948,SCV001282023,TP53,p.A159D,c.145G>C,NM_000546.6,missense variant,Benign,reviewed by expert panel,2025-01-16,159,A,D,benign
458545,SCV002008431,TP53,p.Ala159Val,c.476C>T,NM_000546.6,missense variant,Pathogenic,"criteria provided, single submitter",2025-03-04,159,A,V,pathogenic
422295,SCV004932945,TP53,p.Ala161Asp,c.482C>A,NM_000546.6,missense variant,Likely pathogenic,"criteria provided, single submitter",2024-03-20,161,A,D,pathogenic
973858,SCV001425306,TP53,p.Ala161Thr,c.482_487del,NM_000546.6,inframe_indel,Likely pathogenic,reviewed by expert panel,2024-09-06,161,A,T,pathogenic
973858,SCV001425306,TP53,p.Tyr163Cys,c.482_487del,NM_000546.6,inframe_indel,Likely pathogenic,reviewed by expert panel,2024-09-06,163,Y,C,pathogenic
187052,SCV000217550,TP53,p.Tyr163Asp,c.487T>G,NM_000546.6,missense variant,Likely pathogenic,"criteria provided, single submitter",2021-10-18,163,Y,D,pathogenic
482232,SCV003034850,TP53,p.Gln165Lys,c.493C>A,NM_000546.6,missense variant,Likely benign,"criteria provided, single submitter",2024-06-11,165,Q,K,benign
2505496,SCV003932669,TP53,p.Gln165Leu,c.494A>T,NM_000546.6,missense variant,Pathogenic,no assertion criteria provided,,165,Q,L,pathogenic
3809673,SCV005953354,TP53,p.Ser166Thr,c.496T>A,NM_000546.6,missense variant,Likely benign,"criteria provided, single submitter",2024-12-12,166,S,T,benign
1744933,SCV002641829,TP53,p.His168Leu,c.503A>T,NM_000546.6,missense variant,Pathogenic,"criteria provided, single submitter",2023-12-04,168,H,L,pathogenic
3328154,SCV005177916,TP53,p.His168Pro,c.503A>C,NM_000546.6,missense variant,Likely pathogenic,"criteria provided, single submitter",2023-09-08,168,H,P,pathogenic
428866,SCV004933383,TP53,p.His168Arg,c.503A>G,NM_000546.6,missense variant,Pathogenic,"criteria provided, single submitter",2024-02-14,168,H,R,pathogenic
184014,SCV000567645,TP53,p.Thr170Met,c.509C>T,NM_000546.6,missense variant,Likely benign,reviewed by expert panel,2025-02-07,170,T,M,benign
2446885,SCV003853553,TP53,p.Glu171Asp,c.513G>T,NM_000546.6,non-coding transcript variant,Pathogenic,no assertion criteria provided,,171,E,D,pathogenic
1745525,SCV002644709,TP53,p.Glu171Gly,c.512A>G,NM_000546.6,missense variant,Pathogenic,"criteria provided, single submitter",2022-01-24,171,E,G,pathogenic
376017,SCV000910358,TP53,p.Val173Ala,c.518T>C,NM_000546.6,missense variant,Likely pathogenic,"criteria provided, multiple submitters, no conflicts",2023-10-22,173,V,A,pathogenic
376669,SCV000692084,TP53,p.Val173Glu,c.518T>A,NM_000546.6,missense variant,Pathogenic,"criteria provided, single submitter",2025-03-04,173,V,E,pathogenic
376017,SCV000910358,TP53,p.V173L,c.518T>C,NM_000546.6,missense variant,Likely pathogenic,"criteria provided, multiple submitters, no conflicts",2023-10-22,173,V,L,pathogenic
376017,SCV000910358,TP53,p.Val173Met,c.518T>C,NM_000546.6,missense variant,Likely pathogenic,"criteria provided, multiple submitters, no conflicts",2023-10-22,173,V,M,pathogenic
142273,SCV001429659,TP53,p.Arg174His,c.998G>A,NM_000546.6,missense variant,Benign,reviewed by expert panel,2025-03-04,174,R,H,benign
423887,SCV000573639,TP53,p.Arg174Lys,c.521G>A,NM_000546.6,missense variant,Likely benign,"criteria provided, single submitter",2020-09-01,174,R,K,benign
231214,SCV000605421,TP53,p.Arg174Pro,c.638G>C,NM_000546.6,missense variant,Pathogenic/Likely pathogenic,"criteria provided, multiple submitters, no conflicts",2025-03-04,174,R,P,pathogenic
135359,SCV000086391,TP53,p.Arg174Gln,c.638G>A,NM_000546.6,missense variant,Pathogenic,"criteria provided, multiple submitters, no conflicts",2025-05-19,174,R,Q,pathogenic
3460335,SCV005522146,TP53,p.Arg174Trp,c.637_639delinsTGG,NM_000546.6,missense variant,Likely pathogenic,"criteria provided, single submitter",2024-11-19,174,R,W,pathogenic
376649,SCV000924058,TP53,p.Arg175Gly,c.523C>G,NM_000546.6,missense variant,Pathogenic,"criteria provided, multiple submitters, no conflicts",2025-03-04,175,R,G,pathogenic
182963,SCV002582385,TP53,p.R175H,c.524G>T,NM_000546.6,missense variant,Likely pathogenic,reviewed by expert panel,2024-09-06,175,R,H,pathogenic
182963,SCV002582385,TP53,p.Arg175Leu,c.524G>T,NM_000546.6,missense variant,Likely pathogenic,reviewed by expert panel,2024-09-06,175,R,L,pathogenic
4189264,SCV006451527,TP53,p.Arg175Ser,c.523C>A,NM_000546.6,missense variant,Pathogenic,"criteria provided, single submitter",2025-07-09,175,R,S,pathogenic
186451,SCV003806309,TP53,p.Cys176Phe,c.527G>A,NM_000546.6,missense variant,Pathogenic,"criteria provided, multiple submitters, no conflicts",2024-12-30,176,C,F,pathogenic
376571,SCV000924107,TP53,p.Cys176Gly,c.526T>G,NM_000546.6,missense variant,Likely pathogenic,no assertion criteria provided,2024-08-22,176,C,G,pathogenic
186451,SCV003806309,TP53,p.Cys176Arg,c.527G>A,NM_000546.6,missense variant,Pathogenic,"criteria provided, multiple submitters, no conflicts",2024-12-30,176,C,R,pathogenic
186451,SCV003806309,TP53,p.Cys176Ser,c.527G>A,NM_000546.6,missense variant,Pathogenic,"criteria provided, multiple submitters, no conflicts",2024-12-30,176,C,S,pathogenic
376572,SCV000923811,TP53,p.Cys176Trp,c.528C>G,NM_000546.6,missense variant,Likely pathogenic,"criteria provided, single submitter",2022-11-23,176,C,W,pathogenic
186451,SCV003806309,TP53,p.Cys176Tyr,c.527G>A,NM_000546.6,missense variant,Pathogenic,"criteria provided, multiple submitters, no conflicts",2024-12-30,176,C,Y,pathogenic
840834,SCV004933252,TP53,p.P177R,c.529_546del,NM_000546.6,inframe_deletion,Pathogenic,"criteria provided, single submitter",2025-03-04,177,P,R,pathogenic
482223,SCV000667198,TP53,p.H178P,c.532C>G,NM_000546.6,missense variant,Likely pathogenic,"criteria provided, single submitter",2024-08-05,178,H,P,pathogenic
376610,SCV004045022,TP53,p.His179Asp,c.535C>G,NM_000546.6,missense variant,Pathogenic,"criteria provided, single submitter",2024-03-29,179,H,D,pathogenic
376609,SCV001801947,TP53,p.His179Asn,c.535C>A,NM_000546.6,missense variant,Likely pathogenic,"criteria provided, single submitter",2024-04-02,179,H,N,pathogenic
376611,SCV001185931,TP53,p.His179Pro,c.536A>C,NM_000546.6,missense variant,Likely pathogenic,"criteria provided, single submitter",2024-11-03,179,H,P,pathogenic
406578,SCV001738489,TP53,p.His179Gln,c.537T>A,NM_000546.6,missense variant,Pathogenic,reviewed by expert panel,2024-08-05,179,H,Q,pathogenic
406578,SCV001738489,TP53,p.H179Y,c.537T>A,NM_000546.6,missense variant,Pathogenic,reviewed by expert panel,2024-08-05,179,H,Y,pathogenic
142846,SCV001424777,TP53,p.Glu180Lys,c.1015G>A,NM_000546.6,missense variant,Benign/Likely benign,"criteria provided, multiple submitters, no conflicts",2025-03-18,180,E,K,benign
141893,SCV000211766,TP53,p.Glu180Gln,c.1015G>C,NM_000546.6,missense variant,Likely benign,"criteria provided, single submitter",2024-09-06,180,E,Q,benign
142320,SCV001140260,TP53,p.R181C,c.542G>A,NM_000546.6,missense variant,Likely pathogenic,"criteria provided, multiple submitters, no conflicts",2025-08-14,181,R,C,pathogenic
142320,SCV001140260,TP53,p.Arg181His,c.542G>A,NM_000546.6,missense variant,Likely pathogenic,"criteria provided, multiple submitters, no conflicts",2025-08-14,181,R,H,pathogenic
142320,SCV001140260,TP53,p.R181L,c.542G>A,NM_000546.6,missense variant,Likely pathogenic,"criteria provided, multiple submitters, no conflicts",2025-08-14,181,R,L,pathogenic
142320,SCV001140260,TP53,p.R181P,c.542G>A,NM_000546.6,missense variant,Likely pathogenic,"criteria provided, multiple submitters, no conflicts",2025-08-14,181,R,P,pathogenic
3328150,SCV005177908,TP53,p.Ser183Pro,c.547T>C,NM_000546.6,missense variant,Likely benign,"criteria provided, single submitter",2024-05-08,183,S,P,benign
1748280,SCV002649978,TP53,p.Ser185Arg,c.555C>G,NM_000546.6,missense variant,Likely benign,"criteria provided, single submitter",2021-11-01,185,S,R,benign
230006,SCV000293834,TP53,p.Asp186Glu,c.558T>A,NM_000546.6,missense variant,Likely benign,"criteria provided, multiple submitters, no conflicts",2024-11-24,186,D,E,benign
406601,SCV002046459,TP53,p.Asp186Asn,c.556G>A,NM_000546.6,missense variant,Likely benign,reviewed by expert panel,2025-01-16,186,D,N,benign
948754,SCV001392046,TP53,p.Pro190Leu,c.569_586del,NM_000546.6,inframe_deletion,Pathogenic,"criteria provided, single submitter",2023-07-14,190,P,L,pathogenic
127816,SCV000086389,TP53,p.Pro191Arg,c.572C>G,NM_000546.6,missense variant,Likely benign,"criteria provided, single submitter",2025-01-16,191,P,R,benign
185822,SCV000216037,TP53,p.His193Leu,c.578A>T,NM_000546.6,missense variant,Pathogenic,"criteria provided, single submitter",2024-03-25,193,H,L,pathogenic
3460301,SCV005522086,TP53,p.His193Asn,c.577C>A,NM_000546.6,missense variant,Likely pathogenic,"criteria provided, single submitter",2024-07-08,193,H,N,pathogenic
376612,SCV001736190,TP53,p.His193Pro,c.578A>C,NM_000546.6,missense variant,Pathogenic,"criteria provided, multiple submitters, no conflicts",2024-08-05,193,H,P,pathogenic
825975,SCV001186572,TP53,p.His193Gln,c.579T>A,NM_000546.6,missense variant,Likely pathogenic,"criteria provided, single submitter",2024-11-06,193,H,Q,pathogenic
230256,SCV002582376,TP53,p.H193R,c.577C>T,NM_000546.6,missense variant,Pathogenic/Likely pathogenic,"criteria provided, multiple submitters, no conflicts",2025-06-11,193,H,R,pathogenic
230256,SCV002582376,TP53,p.His193Tyr,c.577C>T,NM_000546.6,missense variant,Pathogenic/Likely pathogenic,"criteria provided, multiple submitters, no conflicts",2025-06-11,193,H,Y,pathogenic
127817,SCV002582374,TP53,p.Leu194Phe,c.580C>T,NM_000546.6,missense variant,Likely pathogenic,"criteria provided, single submitter",2025-03-04,194,L,F,pathogenic
376617,SCV004036374,TP53,p.Ile195Phe,c.583A>T,NM_000546.6,missense variant,Pathogenic,"criteria provided, single submitter",2025-06-05,195,I,F,pathogenic
216077,SCV000923892,TP53,p.Ile195Thr,c.584T>C,NM_000546.6,missense variant,Pathogenic,"criteria provided, multiple submitters, no conflicts",2025-03-04,195,I,T,pathogenic
231165,SCV002530470,TP53,p.Arg196Pro,c.587G>C,NM_000546.6,missense variant,Pathogenic/Likely pathogenic,"criteria provided, multiple submitters, no conflicts",2025-03-04,196,R,P,pathogenic
634757,SCV000924052,TP53,p.Val197Glu,c.590T>A,NM_000546.6,missense variant,Likely pathogenic,no assertion criteria provided,2024-09-19,197,V,E,pathogenic
188060,SCV004825089,TP53,p.Val197Met,c.589G>A,NM_000546.6,missense variant,Likely pathogenic,reviewed by expert panel,2025-03-04,197,V,M,pathogenic
451799,SCV000620549,TP53,p.Gly199Val,c.596G>T,NM_000546.6,missense variant,Likely pathogenic,"criteria provided, single submitter",2022-11-07,199,G,V,pathogenic
234036,SCV001550915,TP53,p.Asn200Asp,c.715A>G,NM_000546.6,missense variant,Pathogenic,"criteria provided, single submitter",2025-07-15,200,N,D,pathogenic
4189258,SCV006451516,TP53,p.Asn200Lys,c.717C>A,NM_000546.6,missense variant,Pathogenic,"criteria provided, single submitter",2025-09-05,200,N,K,pathogenic
376637,SCV002582366,TP53,p.Asn200Ser,c.716A>G,NM_000546.6,missense variant,Likely pathogenic,"criteria provided, multiple submitters, no conflicts",2025-01-15,200,N,S,pathogenic
3460304,SCV005522093,TP53,p.Glu204Asp,c.612G>C,NM_000546.6,missense variant,Likely benign,"criteria provided, single submitter",2024-07-16,204,E,D,benign
2450754,SCV003856772,TP53,p.Glu204Gln,c.1006G>C,NM_000546.6,missense variant,Likely benign,"criteria provided, single submitter",2023-02-03,204,E,Q,benign
376681,SCV004933435,TP53,p.Tyr205Cys,c.614A>G,NM_000546.6,missense variant,Pathogenic,"criteria provided, multiple submitters, no conflicts",2025-01-10,205,Y,C,pathogenic
376681,SCV004933435,TP53,p.Tyr205Asp,c.614A>G,NM_000546.6,missense variant,Pathogenic,"criteria provided, multiple submitters, no conflicts",2025-01-10,205,Y,D,pathogenic
376681,SCV004933435,TP53,p.Y205H,c.614A>G,NM_000546.6,missense variant,Pathogenic,"criteria provided, multiple submitters, no conflicts",2025-01-10,205,Y,H,pathogenic
3809687,SCV005953381,TP53,p.Asp207Glu,c.621T>G,NM_000546.6,missense variant,Likely benign,"criteria provided, single submitter",2025-03-07,207,D,E,benign
1752332,SCV002658239,TP53,p.Asp208Asn,c.622G>A,NM_000546.6,missense variant,Likely benign,"criteria provided, single submitter",2022-04-15,208,D,N,benign
376652,SCV004932160,TP53,p.Arg209Gly,c.742C>G,NM_000546.6,missense variant,Likely pathogenic,"criteria provided, single submitter",2024-02-16,209,R,G,pathogenic
230253,SCV002052387,TP53,p.Arg209Leu,c.743G>T,NM_000546.6,missense variant,Pathogenic/Likely pathogenic,"criteria provided, multiple submitters, no conflicts",2024-08-05,209,R,L,pathogenic
237954,SCV000285211,TP53,p.Arg209Pro,c.743G>C,NM_000546.6,missense variant,Pathogenic,"criteria provided, single submitter",2024-04-15,209,R,P,pathogenic
12356,SCV000033397,TP53,p.Arg209Gln,c.743G>A,NM_000546.6,missense variant,Pathogenic,"criteria provided, multiple submitters, no conflicts",2025-03-04,209,R,Q,pathogenic
2450746,SCV003856762,TP53,p.Arg209Ser,c.627A>C,NM_000546.6,missense variant,Likely benign,"criteria provided, single submitter",2023-11-13,209,R,S,benign
12347,SCV000033387,TP53,p.Arg209Trp,c.742C>T,NM_000546.6,missense variant,Pathogenic,"criteria provided, multiple submitters, no conflicts",2025-03-04,209,R,W,pathogenic
3232058,SCV005036158,TP53,p.Asn210Ser,c.629A>G,NM_000546.6,missense variant,Likely benign,"criteria provided, single submitter",2023-12-21,210,N,S,benign
3460339,SCV005522150,TP53,p.Phe212Ser,c.635T>C,NM_000546.6,missense variant,Likely benign,"criteria provided, single submitter",2024-11-26,212,F,S,benign
135359,SCV000086391,TP53,p.Arg213Leu,c.638G>A,NM_000546.6,missense variant,Pathogenic,"criteria provided, multiple submitters, no conflicts",2025-05-19,213,R,L,pathogenic
135359,SCV000086391,TP53,p.Arg213Pro,c.638G>A,NM_000546.6,missense variant,Pathogenic,"criteria provided, multiple submitters, no conflicts",2025-05-19,213,R,P,pathogenic
135359,SCV000086391,TP53,p.Arg213Gln,c.638G>A,NM_000546.6,missense variant,Pathogenic,"criteria provided, multiple submitters, no conflicts",2025-05-19,213,R,Q,pathogenic
43591,SCV000305116,TP53,p.Arg213Arg,c.639A>G,NM_000546.6,synonymous variant,Benign,"criteria provided, multiple submitters, no conflicts",2025-03-04,213,R,R,benign
3460335,SCV005522146,TP53,p.Arg213Trp,c.637_639delinsTGG,NM_000546.6,missense variant,Likely pathogenic,"criteria provided, single submitter",2024-11-19,213,R,W,pathogenic
376616,SCV002589723,TP53,p.His214Leu,c.641A>T,NM_000546.6,missense variant,Likely pathogenic,reviewed by expert panel,2025-05-07,214,H,L,pathogenic
376660,SCV000923915,TP53,p.Ser215Ile,c.644G>T,NM_000546.6,missense variant,Likely pathogenic,no assertion criteria provided,2024-10-22,215,S,I,pathogenic
182965,SCV000692077,TP53,p.Val216Met,c.646G>A,NM_000546.6,missense variant,Pathogenic/Likely pathogenic,"criteria provided, multiple submitters, no conflicts",2025-03-04,216,V,M,pathogenic
1386154,SCV002659170,TP53,p.Val217Leu,c.649G>T,NM_000546.6,missense variant,Likely benign,"criteria provided, single submitter",2023-05-11,217,V,L,benign
1754112,SCV004930486,TP53,p.Val218Glu,c.653T>A,NM_000546.6,missense variant,Likely pathogenic,"criteria provided, single submitter",2025-08-15,218,V,E,pathogenic
634761,SCV000924064,TP53,p.Val218Met,c.646GTG[2],NM_000546.6,inframe_deletion,Pathogenic,no assertion criteria provided,2025-08-12,218,V,M,pathogenic
245673,SCV000292697,TP53,p.Pro219Ser,c.655C>T,NM_000546.6,missense variant,Likely pathogenic,"criteria provided, single submitter",2024-09-18,219,P,S,pathogenic
127819,SCV002532699,TP53,p.Tyr220Cys,c.659A>G,NM_000546.6,missense variant,Pathogenic,"criteria provided, multiple submitters, no conflicts",2025-03-04,220,Y,C,pathogenic
127819,SCV002532699,TP53,p.Y220H,c.659A>G,NM_000546.6,missense variant,Pathogenic,"criteria provided, multiple submitters, no conflicts",2025-03-04,220,Y,H,pathogenic
127819,SCV002532699,TP53,p.Y220N,c.659A>G,NM_000546.6,missense variant,Pathogenic,"criteria provided, multiple submitters, no conflicts",2025-03-04,220,Y,N,pathogenic
376687,SCV000923822,TP53,p.Tyr220Ser,c.658T>C,NM_000546.6,missense variant,Likely pathogenic,no assertion criteria provided,2025-06-11,220,Y,S,pathogenic
80709,SCV002582372,TP53,p.E224E,c.672G>A,NM_000546.6,synonymous variant,Pathogenic/Likely pathogenic,"criteria provided, multiple submitters, no conflicts",2024-10-25,224,E,E,pathogenic
2450759,SCV003859146,TP53,p.Asp228Tyr,c.682G>T,NM_000546.6,missense variant,Likely benign,"criteria provided, single submitter",2023-03-02,228,D,Y,benign
850008,SCV001218384,TP53,p.Ile232Asn,c.695T>A,NM_000546.6,missense variant,Pathogenic/Likely pathogenic,"criteria provided, multiple submitters, no conflicts",2024-10-10,232,I,N,pathogenic
634756,SCV000924050,TP53,p.Ile232Ser,c.695T>G,NM_000546.6,missense variant,Likely pathogenic,no assertion criteria provided,2022-03-28,232,I,S,pathogenic
141224,SCV000184432,TP53,p.Ile232Thr,c.695T>C,NM_000546.6,missense variant,Likely pathogenic,"criteria provided, single submitter",2025-01-11,232,I,T,pathogenic
127820,SCV000597518,TP53,p.Tyr234Cys,c.701A>G,NM_000546.6,missense variant,Pathogenic/Likely pathogenic,"criteria provided, multiple submitters, no conflicts",2025-03-04,234,Y,C,pathogenic
127820,SCV000597518,TP53,p.Y234D,c.701A>G,NM_000546.6,missense variant,Pathogenic/Likely pathogenic,"criteria provided, multiple submitters, no conflicts",2025-03-04,234,Y,D,pathogenic
127820,SCV000597518,TP53,p.Y234H,c.701A>G,NM_000546.6,missense variant,Pathogenic/Likely pathogenic,"criteria provided, multiple submitters, no conflicts",2025-03-04,234,Y,H,pathogenic
376692,SCV001188207,TP53,p.Tyr234Asn,c.700T>A,NM_000546.6,missense variant,Pathogenic,"criteria provided, single submitter",2024-09-26,234,Y,N,pathogenic
219759,SCV000581114,TP53,p.Y234S,c.700T>G,NM_000546.6,missense variant,Pathogenic,"criteria provided, single submitter",2024-12-10,234,Y,S,pathogenic
919580,SCV004933172,TP53,p.Asn235Asp,c.703A>G,NM_000546.6,missense variant,Likely pathogenic,"criteria provided, multiple submitters, no conflicts",2025-03-04,235,N,D,pathogenic
127821,SCV000149642,TP53,p.Asn235Ser,c.704A>G,NM_000546.6,missense variant,Benign/Likely benign,"criteria provided, multiple submitters, no conflicts",2024-08-05,235,N,S,benign
216469,SCV000254636,TP53,p.Y236C,c.706T>C,NM_000546.6,missense variant,Pathogenic,"criteria provided, single submitter",2025-02-25,236,Y,C,pathogenic
216469,SCV000254636,TP53,p.Tyr236His,c.706T>C,NM_000546.6,missense variant,Pathogenic,"criteria provided, single submitter",2025-02-25,236,Y,H,pathogenic
182966,SCV002582015,TP53,p.Tyr236Ser,c.707A>C,NM_000546.6,missense variant,Likely pathogenic,"criteria provided, single submitter",2024-05-31,236,Y,S,pathogenic
142714,SCV000692075,TP53,p.Met237Ile,c.711G>A,NM_000546.6,missense variant,Pathogenic,"criteria provided, multiple submitters, no conflicts",2025-03-04,237,M,I,pathogenic
182935,SCV000923829,TP53,p.Cys238Phe,c.713G>A,NM_000546.6,missense variant,Pathogenic,"criteria provided, multiple submitters, no conflicts",2025-03-04,238,C,F,pathogenic
2757236,SCV004323141,TP53,p.Cys238Gly,c.829T>G,NM_000546.6,missense variant,Likely pathogenic,reviewed by expert panel,2025-12-05,238,C,G,pathogenic
182935,SCV000923829,TP53,p.C238R,c.713G>A,NM_000546.6,missense variant,Pathogenic,"criteria provided, multiple submitters, no conflicts",2025-03-04,238,C,R,pathogenic
182935,SCV000923829,TP53,p.C238S,c.713G>A,NM_000546.6,missense variant,Pathogenic,"criteria provided, multiple submitters, no conflicts",2025-03-04,238,C,S,pathogenic
182935,SCV000923829,TP53,p.Cys238Trp,c.713G>A,NM_000546.6,missense variant,Pathogenic,"criteria provided, multiple submitters, no conflicts",2025-03-04,238,C,W,pathogenic
182935,SCV000923829,TP53,p.Cys238Tyr,c.713G>A,NM_000546.6,missense variant,Pathogenic,"criteria provided, multiple submitters, no conflicts",2025-03-04,238,C,Y,pathogenic
4189258,SCV006451516,TP53,p.N239D,c.717C>A,NM_000546.6,missense variant,Pathogenic,"criteria provided, single submitter",2025-09-05,239,N,D,pathogenic
4189258,SCV006451516,TP53,p.Asn239Lys,c.717C>A,NM_000546.6,missense variant,Pathogenic,"criteria provided, single submitter",2025-09-05,239,N,K,pathogenic
376637,SCV002582366,TP53,p.Asn239Ser,c.716A>G,NM_000546.6,missense variant,Likely pathogenic,"criteria provided, multiple submitters, no conflicts",2025-01-15,239,N,S,pathogenic
4189258,SCV006451516,TP53,p.N239T,c.717C>A,NM_000546.6,missense variant,Pathogenic,"criteria provided, single submitter",2025-09-05,239,N,T,pathogenic
3972460,SCV006182473,TP53,p.Ser240Cys,c.718A>T,NM_000546.6,missense variant,Likely pathogenic,"criteria provided, single submitter",2025-06-10,240,S,C,pathogenic
584921,SCV001140254,TP53,p.Ser240Gly,c.718A>G,NM_000546.6,missense variant,Likely pathogenic,"criteria provided, single submitter",2025-06-24,240,S,G,pathogenic
584921,SCV001140254,TP53,p.Ser240Asn,c.718A>G,NM_000546.6,missense variant,Likely pathogenic,"criteria provided, single submitter",2025-06-24,240,S,N,pathogenic
584921,SCV001140254,TP53,p.Ser240Arg,c.718A>G,NM_000546.6,missense variant,Likely pathogenic,"criteria provided, single submitter",2025-06-24,240,S,R,pathogenic
12359,SCV000033400,TP53,p.S241A,c.722C>T,NM_000546.6,missense variant,Pathogenic,no assertion criteria provided,2025-03-04,241,S,A,pathogenic
177791,SCV000923889,TP53,p.Ser241Cys,c.722C>G,NM_000546.6,missense variant,Likely pathogenic,"criteria provided, single submitter",2025-05-23,241,S,C,pathogenic
12359,SCV000033400,TP53,p.Ser241Phe,c.722C>T,NM_000546.6,missense variant,Pathogenic,no assertion criteria provided,2025-03-04,241,S,F,pathogenic
376664,SCV000923831,TP53,p.Ser241Pro,c.721T>C,NM_000546.6,missense variant,Likely pathogenic,no assertion criteria provided,2025-03-04,241,S,P,pathogenic
959232,SCV004930470,TP53,p.Ser241Thr,c.721T>A,NM_000546.6,missense variant,Pathogenic,"criteria provided, single submitter",2023-06-16,241,S,T,pathogenic
376663,SCV000924026,TP53,p.Ser241Tyr,c.722C>A,NM_000546.6,missense variant,Likely pathogenic,no assertion criteria provided,2025-03-04,241,S,Y,pathogenic
12354,SCV000033395,TP53,p.Cys242Phe,c.725G>A,NM_000546.6,missense variant,Pathogenic/Likely pathogenic,"criteria provided, multiple submitters, no conflicts",2024-12-17,242,C,F,pathogenic
12354,SCV000033395,TP53,p.C242R,c.725G>A,NM_000546.6,missense variant,Pathogenic/Likely pathogenic,"criteria provided, multiple submitters, no conflicts",2024-12-17,242,C,R,pathogenic
12354,SCV000033395,TP53,p.Cys242Trp,c.725G>A,NM_000546.6,missense variant,Pathogenic/Likely pathogenic,"criteria provided, multiple submitters, no conflicts",2024-12-17,242,C,W,pathogenic
12354,SCV000033395,TP53,p.Cys242Tyr,c.725G>A,NM_000546.6,missense variant,Pathogenic/Likely pathogenic,"criteria provided, multiple submitters, no conflicts",2024-12-17,242,C,Y,pathogenic
182936,SCV000273434,TP53,p.Met243Thr,c.728T>C,NM_000546.6,missense variant,Likely pathogenic,"criteria provided, single submitter",2024-10-27,243,M,T,pathogenic
458560,SCV001432240,TP53,p.Gly244Ala,c.731G>C,NM_000546.6,missense variant,Pathogenic,"criteria provided, single submitter",2024-12-02,244,G,A,pathogenic
372785,SCV000491278,TP53,p.Gly244Asp,c.731G>A,NM_000546.6,missense variant,Pathogenic/Likely pathogenic,"criteria provided, multiple submitters, no conflicts",2025-03-04,244,G,D,pathogenic
372785,SCV000491278,TP53,p.G244S,c.731G>A,NM_000546.6,missense variant,Pathogenic/Likely pathogenic,"criteria provided, multiple submitters, no conflicts",2025-03-04,244,G,S,pathogenic
372785,SCV000491278,TP53,p.G244V,c.731G>A,NM_000546.6,missense variant,Pathogenic/Likely pathogenic,"criteria provided, multiple submitters, no conflicts",2025-03-04,244,G,V,pathogenic
265357,SCV000322166,TP53,p.Gly245Ala,c.734G>C,NM_000546.6,missense variant,Likely pathogenic,"criteria provided, single submitter",2024-12-12,245,G,A,pathogenic
12349,SCV004931847,TP53,p.Gly245Cys,c.733G>T,NM_000546.6,missense variant,Pathogenic,"criteria provided, multiple submitters, no conflicts",2025-03-04,245,G,C,pathogenic
12355,SCV000033396,TP53,p.Gly245Asp,c.734G>A,NM_000546.6,missense variant,Likely pathogenic,"criteria provided, multiple submitters, no conflicts",2024-10-02,245,G,D,pathogenic
376604,SCV004932393,TP53,p.Gly245Arg,c.733G>C,NM_000546.6,missense variant,Pathogenic,"criteria provided, single submitter",2024-02-16,245,G,R,pathogenic
12355,SCV000033396,TP53,p.Gly245Ser,c.734G>A,NM_000546.6,missense variant,Likely pathogenic,"criteria provided, multiple submitters, no conflicts",2024-10-02,245,G,S,pathogenic
12355,SCV000033396,TP53,p.Gly245Val,c.734G>A,NM_000546.6,missense variant,Likely pathogenic,"criteria provided, multiple submitters, no conflicts",2024-10-02,245,G,V,pathogenic
480764,SCV002582361,TP53,p.M246I,c.737T>A,NM_000546.6,missense variant,Likely pathogenic,"criteria provided, multiple submitters, no conflicts",2024-09-21,246,M,I,pathogenic
480764,SCV002582361,TP53,p.Met246Lys,c.737T>A,NM_000546.6,missense variant,Likely pathogenic,"criteria provided, multiple submitters, no conflicts",2024-09-21,246,M,K,pathogenic
480764,SCV002582361,TP53,p.M246L,c.737T>A,NM_000546.6,missense variant,Likely pathogenic,"criteria provided, multiple submitters, no conflicts",2024-09-21,246,M,L,pathogenic
127822,SCV000149643,TP53,p.Met246Arg,c.737T>G,NM_000546.6,missense variant,Likely pathogenic,"criteria provided, single submitter",2022-03-31,246,M,R,pathogenic
480764,SCV002582361,TP53,p.M246T,c.737T>A,NM_000546.6,missense variant,Likely pathogenic,"criteria provided, multiple submitters, no conflicts",2024-09-21,246,M,T,pathogenic
480764,SCV002582361,TP53,p.M246V,c.737T>A,NM_000546.6,missense variant,Likely pathogenic,"criteria provided, multiple submitters, no conflicts",2024-09-21,246,M,V,pathogenic
12356,SCV000033397,TP53,p.Arg248Gly,c.743G>A,NM_000546.6,missense variant,Pathogenic,"criteria provided, multiple submitters, no conflicts",2025-03-04,248,R,G,pathogenic
12356,SCV000033397,TP53,p.Arg248Leu,c.743G>A,NM_000546.6,missense variant,Pathogenic,"criteria provided, multiple submitters, no conflicts",2025-03-04,248,R,L,pathogenic
12356,SCV000033397,TP53,p.Arg248Pro,c.743G>A,NM_000546.6,missense variant,Pathogenic,"criteria provided, multiple submitters, no conflicts",2025-03-04,248,R,P,pathogenic
12347,SCV000033387,TP53,p.Arg248Gln,c.742C>T,NM_000546.6,missense variant,Pathogenic,"criteria provided, multiple submitters, no conflicts",2025-03-04,248,R,Q,pathogenic
12347,SCV000033387,TP53,p.Arg248Trp,c.742C>T,NM_000546.6,missense variant,Pathogenic,"criteria provided, multiple submitters, no conflicts",2025-03-04,248,R,W,pathogenic
376654,SCV000692072,TP53,p.Arg249Gly,c.745A>G,NM_000546.6,missense variant,Likely pathogenic,no assertion criteria provided,2024-11-11,249,R,G,pathogenic
376653,SCV000923861,TP53,p.R249K,c.746G>T,NM_000546.6,missense variant,Pathogenic/Likely pathogenic,no assertion criteria provided,2025-10-08,249,R,K,pathogenic
376653,SCV000923861,TP53,p.Arg249Met,c.746G>T,NM_000546.6,missense variant,Pathogenic/Likely pathogenic,no assertion criteria provided,2025-10-08,249,R,M,pathogenic
12352,SCV000033392,TP53,p.Arg249Ser,c.747G>T,NM_000546.6,missense variant,Pathogenic,no assertion criteria provided,2025-03-04,249,R,S,pathogenic
376653,SCV000923861,TP53,p.R249T,c.746G>T,NM_000546.6,missense variant,Pathogenic/Likely pathogenic,no assertion criteria provided,2025-10-08,249,R,T,pathogenic
141881,SCV002011363,TP53,p.Arg249Trp,c.745A>T,NM_000546.6,missense variant,Pathogenic,"criteria provided, single submitter",2024-09-10,249,R,W,pathogenic
420136,SCV000568759,TP53,p.Pro250Leu,c.749C>T,NM_000546.6,missense variant,Likely pathogenic,"criteria provided, single submitter",2025-03-04,250,P,L,pathogenic
1518844,SCV002308585,TP53,p.Ile251Phe,c.751A>T,NM_000546.6,missense variant,Likely pathogenic,"criteria provided, single submitter",2023-10-10,251,I,F,pathogenic
182937,SCV000211759,TP53,p.Ile251Leu,c.751A>C,NM_000546.6,missense variant,Pathogenic/Likely pathogenic,"criteria provided, multiple submitters, no conflicts",2025-05-20,251,I,L,pathogenic
528254,SCV003926524,TP53,p.Ile251Asn,c.752T>A,NM_000546.6,missense variant,Pathogenic,no assertion criteria provided,2024-02-16,251,I,N,pathogenic
182967,SCV005036130,TP53,p.Ile251Ser,c.752T>G,NM_000546.6,missense variant,Likely pathogenic,"criteria provided, single submitter",2024-02-16,251,I,S,pathogenic
12350,SCV002011362,TP53,p.Leu252Pro,c.755T>C,NM_000546.6,missense variant,Pathogenic,no assertion criteria provided,2021-11-03,252,L,P,pathogenic
1759470,SCV002674047,TP53,p.Leu252Val,c.754C>G,NM_000546.6,missense variant,Likely benign,"criteria provided, single submitter",2023-08-25,252,L,V,benign
827132,SCV001188992,TP53,p.Thr253Ala,c.757A>G,NM_000546.6,missense variant,Pathogenic,"criteria provided, single submitter",2022-08-26,253,T,A,pathogenic
3148769,SCV004932057,TP53,p.Thr253Pro,c.757A>C,NM_000546.6,missense variant,Likely pathogenic,"criteria provided, single submitter",2024-05-13,253,T,P,pathogenic
856299,SCV001226489,TP53,p.Ile254Asn,c.761T>A,NM_000546.6,missense variant,Pathogenic,reviewed by expert panel,2025-12-05,254,I,N,pathogenic
856299,SCV001226489,TP53,p.I254T,c.761T>A,NM_000546.6,missense variant,Pathogenic,reviewed by expert panel,2025-12-05,254,I,T,pathogenic
406605,SCV000896673,TP53,p.Ile254Val,c.760A>G,NM_000546.6,missense variant,Likely benign,reviewed by expert panel,2025-01-16,254,I,V,benign
376621,SCV000924023,TP53,p.Ile255Phe,c.763A>T,NM_000546.6,missense variant,Likely pathogenic,no assertion criteria provided,2025-03-04,255,I,F,pathogenic
233767,SCV000692071,TP53,p.Leu257Leu,c.769C>T,NM_000546.6,synonymous variant,Likely benign,"criteria provided, multiple submitters, no conflicts",2025-04-03,257,L,L,benign
142134,SCV000185898,TP53,p.Leu257Arg,c.770T>G,NM_000546.6,missense variant,Likely pathogenic,"criteria provided, single submitter",2022-07-05,257,L,R,pathogenic
12348,SCV000923859,TP53,p.Glu258Lys,c.772G>A,NM_000546.6,missense variant,Likely pathogenic,"criteria provided, single submitter",2024-11-11,258,E,K,pathogenic
2671888,SCV004176804,TP53,p.Asp259Ala,c.776A>C,NM_000546.6,missense variant,Pathogenic,no assertion criteria provided,2023-12-04,259,D,A,pathogenic
634680,SCV000923839,TP53,p.Asp259Tyr,c.775G>T,NM_000546.6,missense variant,Likely pathogenic,no assertion criteria provided,2021-08-27,259,D,Y,pathogenic
142916,SCV000806249,TP53,p.Asn263Asp,c.787A>G,NM_000546.6,missense variant,Likely benign,"criteria provided, multiple submitters, no conflicts",2025-06-25,263,N,D,benign
827313,SCV001189389,TP53,p.Asn263Ser,c.788A>G,NM_000546.6,missense variant,Likely benign,"criteria provided, single submitter",2019-08-29,263,N,S,benign
953467,SCV001429674,TP53,p.Leu265Pro,c.794T>A,NM_000546.6,missense variant,Pathogenic/Likely pathogenic,"criteria provided, multiple submitters, no conflicts",2024-08-28,265,L,P,pathogenic
953467,SCV001429674,TP53,p.Leu265Gln,c.794T>A,NM_000546.6,missense variant,Pathogenic/Likely pathogenic,"criteria provided, multiple submitters, no conflicts",2024-08-28,265,L,Q,pathogenic
376605,SCV002582459,TP53,p.G266E,c.796G>C,NM_000546.6,missense variant,Pathogenic,"criteria provided, multiple submitters, no conflicts",2022-06-18,266,G,E,pathogenic
376605,SCV002582459,TP53,p.Gly266Arg,c.796G>C,NM_000546.6,missense variant,Pathogenic,"criteria provided, multiple submitters, no conflicts",2022-06-18,266,G,R,pathogenic
428867,SCV004032447,TP53,p.Arg267Pro,c.800G>C,NM_000546.6,missense variant,Pathogenic,"criteria provided, single submitter",2022-09-12,267,R,P,pathogenic
127825,SCV000693679,TP53,p.R267Q,c.869G>A,NM_000546.6,missense variant,Benign/Likely benign,"criteria provided, multiple submitters, no conflicts",2024-08-05,267,R,Q,benign
2575177,SCV004024447,TP53,p.Ser269Cys,c.805A>T,NM_000546.6,missense variant,Benign,no assertion criteria provided,,269,S,C,benign
2575169,SCV004024441,TP53,p.Ser269Ile,c.806G>T,NM_000546.6,missense variant,Likely pathogenic,no assertion criteria provided,,269,S,I,pathogenic
376597,SCV002052524,TP53,p.Phe270Cys,c.809T>G,NM_000546.6,missense variant,Likely pathogenic,"criteria provided, single submitter",2024-02-20,270,F,C,pathogenic
634778,SCV000924092,TP53,p.F270I,c.808T>C,NM_000546.6,missense variant,Likely pathogenic,no assertion criteria provided,2024-09-05,270,F,I,pathogenic
634778,SCV000924092,TP53,p.Phe270Leu,c.808T>C,NM_000546.6,missense variant,Likely pathogenic,no assertion criteria provided,2024-09-05,270,F,L,pathogenic
376594,SCV000572280,TP53,p.Phe270Ser,c.809T>C,NM_000546.6,missense variant,Likely pathogenic,"criteria provided, single submitter",2024-12-13,270,F,S,pathogenic
376598,SCV001189672,TP53,p.Phe270Val,c.808T>G,NM_000546.6,missense variant,Pathogenic,"criteria provided, single submitter",2023-01-04,270,F,V,pathogenic
3147994,SCV004931217,TP53,p.Glu271Val,c.812A>T,NM_000546.6,missense variant,Likely pathogenic,"criteria provided, single submitter",2024-06-12,271,E,V,pathogenic
233323,SCV000277676,TP53,p.Val272Gly,c.815T>G,NM_000546.6,missense variant,Pathogenic,"criteria provided, single submitter",2025-09-10,272,V,G,pathogenic
12358,SCV000033399,TP53,p.Val272Leu,c.814G>T,NM_000546.6,missense variant,Likely pathogenic,"criteria provided, multiple submitters, no conflicts",2024-03-21,272,V,L,pathogenic
12358,SCV000033399,TP53,p.V272M,c.814G>T,NM_000546.6,missense variant,Likely pathogenic,"criteria provided, multiple submitters, no conflicts",2024-03-21,272,V,M,pathogenic
12366,SCV000033410,TP53,p.R273C,c.818G>A,NM_000546.6,missense variant,Pathogenic,"criteria provided, multiple submitters, no conflicts",2025-03-04,273,R,C,pathogenic
12366,SCV000033410,TP53,p.R273G,c.818G>A,NM_000546.6,missense variant,Pathogenic,"criteria provided, multiple submitters, no conflicts",2025-03-04,273,R,G,pathogenic
12366,SCV000033410,TP53,p.Arg273His,c.818G>A,NM_000546.6,missense variant,Pathogenic,"criteria provided, multiple submitters, no conflicts",2025-03-04,273,R,H,pathogenic
12366,SCV000033410,TP53,p.Arg273Leu,c.818G>A,NM_000546.6,missense variant,Pathogenic,"criteria provided, multiple submitters, no conflicts",2025-03-04,273,R,L,pathogenic
12366,SCV000033410,TP53,p.Arg273Ser,c.818G>A,NM_000546.6,missense variant,Pathogenic,"criteria provided, multiple submitters, no conflicts",2025-03-04,273,R,S,pathogenic
376676,SCV001432243,TP53,p.Val274Gly,c.821T>G,NM_000546.6,missense variant,Pathogenic,"criteria provided, single submitter",2025-01-22,274,V,G,pathogenic
3460325,SCV005522126,TP53,p.Val274Ile,c.820G>A,NM_000546.6,missense variant,Benign,"criteria provided, single submitter",2024-10-11,274,V,I,benign
215997,SCV000253702,TP53,p.Cys275Phe,c.824G>A,NM_000546.6,missense variant,Pathogenic,"criteria provided, multiple submitters, no conflicts",2025-03-04,275,C,F,pathogenic
376584,SCV004931908,TP53,p.Cys275Arg,c.823T>C,NM_000546.6,missense variant,Likely pathogenic,"criteria provided, single submitter",2024-02-20,275,C,R,pathogenic
376584,SCV004931908,TP53,p.Cys275Trp,c.823T>C,NM_000546.6,missense variant,Likely pathogenic,"criteria provided, single submitter",2024-02-20,275,C,W,pathogenic
215997,SCV000253702,TP53,p.Cys275Tyr,c.824G>A,NM_000546.6,missense variant,Pathogenic,"criteria provided, multiple submitters, no conflicts",2025-03-04,275,C,Y,pathogenic
232683,SCV000293907,TP53,p.Ala276Asp,c.827C>A,NM_000546.6,missense variant,Pathogenic/Likely pathogenic,"criteria provided, multiple submitters, no conflicts",2025-03-04,276,A,D,pathogenic
232683,SCV000293907,TP53,p.A276G,c.827C>A,NM_000546.6,missense variant,Pathogenic/Likely pathogenic,"criteria provided, multiple submitters, no conflicts",2025-03-04,276,A,G,pathogenic
428893,SCV000924025,TP53,p.Ala276Pro,c.826G>C,NM_000546.6,missense variant,Pathogenic,"criteria provided, single submitter",2025-04-08,276,A,P,pathogenic
2757236,SCV004323141,TP53,p.Cys277Gly,c.829T>G,NM_000546.6,missense variant,Likely pathogenic,reviewed by expert panel,2025-12-05,277,C,G,pathogenic
185722,SCV000215911,TP53,p.Cys277Tyr,c.830G>A,NM_000546.6,missense variant,Pathogenic,"criteria provided, single submitter",2025-03-04,277,C,Y,pathogenic
376644,SCV000809448,TP53,p.P278A,c.833C>G,NM_000546.6,missense variant,Likely pathogenic,no assertion criteria provided,2024-10-20,278,P,A,pathogenic
232497,SCV001571404,TP53,p.Pro278Leu,c.833C>T,NM_000546.6,missense variant,Pathogenic,"criteria provided, single submitter",2024-08-15,278,P,L,pathogenic
376644,SCV000809448,TP53,p.Pro278Arg,c.833C>G,NM_000546.6,missense variant,Likely pathogenic,no assertion criteria provided,2024-10-20,278,P,R,pathogenic
376644,SCV000809448,TP53,p.P278S,c.833C>G,NM_000546.6,missense variant,Likely pathogenic,no assertion criteria provided,2024-10-20,278,P,S,pathogenic
376644,SCV000809448,TP53,p.P278T,c.833C>G,NM_000546.6,missense variant,Likely pathogenic,no assertion criteria provided,2024-10-20,278,P,T,pathogenic
419454,SCV000567266,TP53,p.Gly279Glu,c.836G>A,NM_000546.6,missense variant,Pathogenic,"criteria provided, multiple submitters, no conflicts",2024-07-02,279,G,E,pathogenic
376657,SCV001140249,TP53,p.Arg280Lys,c.839G>A,NM_000546.6,missense variant,Likely pathogenic,"criteria provided, single submitter",2025-01-02,280,R,K,pathogenic
988616,SCV001450495,TP53,p.Arg280Ser,c.840A>T,NM_000546.6,missense variant,Pathogenic,"criteria provided, single submitter",2024-10-10,280,R,S,pathogenic
12368,SCV000033414,TP53,p.Arg280Thr,c.839G>C,NM_000546.6,missense variant,Pathogenic,no assertion criteria provided,2024-08-27,280,R,T,pathogenic
376589,SCV004206267,TP53,p.Asp281Ala,c.842A>C,NM_000546.6,missense variant,Likely pathogenic,"criteria provided, single submitter",2025-06-03,281,D,A,pathogenic
182968,SCV000211806,TP53,p.D281E,c.842A>T,NM_000546.6,missense variant,Pathogenic,"criteria provided, single submitter",2025-07-02,281,D,E,pathogenic
141141,SCV002582450,TP53,p.Asp281Gly,c.842A>G,NM_000546.6,missense variant,Pathogenic,"criteria provided, multiple submitters, no conflicts",2024-07-21,281,D,G,pathogenic
376588,SCV001481124,TP53,p.Asp281His,c.841G>C,NM_000546.6,missense variant,Likely pathogenic,no assertion criteria provided,2025-04-11,281,D,H,pathogenic
376586,SCV000924024,TP53,p.Asp281Asn,c.841G>A,NM_000546.6,missense variant,Pathogenic/Likely pathogenic,"criteria provided, multiple submitters, no conflicts",2025-03-04,281,D,N,pathogenic
376586,SCV000924024,TP53,p.Asp281Val,c.841G>A,NM_000546.6,missense variant,Pathogenic/Likely pathogenic,"criteria provided, multiple submitters, no conflicts",2025-03-04,281,D,V,pathogenic
376585,SCV004932240,TP53,p.Asp281Tyr,c.841G>T,NM_000546.6,missense variant,Pathogenic,"criteria provided, single submitter",2025-03-04,281,D,Y,pathogenic
216471,SCV001359329,TP53,p.Thr284Ile,c.851C>T,NM_000546.6,missense variant,Likely benign,reviewed by expert panel,2025-01-16,284,T,I,benign
1763670,SCV002675435,TP53,p.Thr284Pro,c.850A>C,NM_000546.6,missense variant,Likely pathogenic,"criteria provided, single submitter",2025-03-04,284,T,P,pathogenic
420133,SCV000734839,TP53,p.Glu285Lys,c.853G>A,NM_000546.6,missense variant,Pathogenic/Likely pathogenic,"criteria provided, multiple submitters, no conflicts",2025-03-04,285,E,K,pathogenic
420133,SCV000734839,TP53,p.E285V,c.853G>A,NM_000546.6,missense variant,Pathogenic/Likely pathogenic,"criteria provided, multiple submitters, no conflicts",2025-03-04,285,E,V,pathogenic
183752,SCV000322468,TP53,p.E286A,c.856G>A,NM_000546.6,missense variant,Pathogenic,"criteria provided, multiple submitters, no conflicts",2025-03-04,286,E,A,pathogenic
183752,SCV000322468,TP53,p.Glu286Lys,c.856G>A,NM_000546.6,missense variant,Pathogenic,"criteria provided, multiple submitters, no conflicts",2025-03-04,286,E,K,pathogenic
3972458,SCV006182471,TP53,p.Glu287Asp,c.978A>C,NM_000546.6,missense variant,Likely benign,"criteria provided, single submitter",2025-05-23,287,E,D,benign
2578514,SCV004032443,TP53,p.Glu287Val,c.977A>T,NM_000546.6,missense variant,Likely pathogenic,no assertion criteria provided,,287,E,V,pathogenic
822635,SCV001179332,TP53,p.Leu289Phe,c.865C>T,NM_000546.6,missense variant,Likely benign,"criteria provided, single submitter",2024-03-05,289,L,F,benign
1172923,SCV001737929,TP53,p.Leu289Pro,c.866T>C,NM_000546.6,missense variant,Likely benign,reviewed by expert panel,2021-06-16,289,L,P,benign
127825,SCV000693679,TP53,p.Arg290His,c.869G>A,NM_000546.6,missense variant,Benign/Likely benign,"criteria provided, multiple submitters, no conflicts",2024-08-05,290,R,H,benign
12378,SCV000033424,TP53,p.Lys292Ile,c.875A>T,NM_000546.6,missense variant,Pathogenic,no assertion criteria provided,2021-01-05,292,K,I,pathogenic
406577,SCV000910134,TP53,p.Lys292Arg,c.875A>G,NM_000546.6,missense variant,Likely benign,reviewed by expert panel,2025-01-16,292,K,R,benign
132754,SCV000153954,TP53,p.Pro295Pro,c.885T>C,NM_000546.6,synonymous variant,Benign/Likely benign,"criteria provided, multiple submitters, no conflicts",2025-05-15,295,P,P,benign
428862,SCV000581088,TP53,p.Pro295Ser,c.883C>T,NM_000546.6,missense variant,Likely benign,"criteria provided, multiple submitters, no conflicts",2024-08-05,295,P,S,benign
100816,SCV000120036,TP53,p.His296Arg,c.887A>G,NM_000546.6,missense variant,Likely pathogenic,no assertion criteria provided,,296,H,R,pathogenic
183849,SCV000906719,TP53,p.His297His,c.891C>T,NM_000546.6,synonymous variant,Likely benign,"criteria provided, multiple submitters, no conflicts",2025-04-04,297,H,H,benign
1765377,SCV002683727,TP53,p.Pro300Leu,c.899C>T,NM_000546.6,missense variant,Likely benign,"criteria provided, single submitter",2014-12-05,300,P,L,benign
184179,SCV000540571,TP53,p.Pro301Pro,c.903A>G,NM_000546.6,synonymous variant,Benign/Likely benign,"criteria provided, multiple submitters, no conflicts",2025-04-04,301,P,P,benign
3328162,SCV005177933,TP53,p.Gly302Ala,c.905G>C,NM_000546.6,missense variant,Likely benign,"criteria provided, single submitter",2024-03-18,302,G,A,benign
485027,SCV000672386,TP53,p.Ala307Gly,c.920C>G,NM_000546.6,missense variant,Likely benign,"criteria provided, single submitter",2025-05-27,307,A,G,benign
414028,SCV000602283,TP53,p.Leu308Leu,c.924G>C,NM_000546.6,synonymous variant,Likely benign,"criteria provided, single submitter",2025-04-04,308,L,L,benign
651517,SCV001180428,TP53,p.Asn310Asp,c.928A>G,NM_000546.6,missense variant,Likely benign,"criteria provided, single submitter",2024-01-27,310,N,D,benign
428879,SCV000581115,TP53,p.Asn310Lys,c.930C>G,NM_000546.6,missense variant,Likely benign,"criteria provided, single submitter",2020-10-30,310,N,K,benign
1766454,SCV002686678,TP53,p.Asn310Ser,c.929A>G,NM_000546.6,missense variant,Likely benign,"criteria provided, single submitter",2020-10-28,310,N,S,benign
1766672,SCV002688690,TP53,p.Thr312Asn,c.935C>A,NM_000546.6,missense variant,Likely benign,"criteria provided, single submitter",2022-06-07,312,T,N,benign
141102,SCV000211763,TP53,p.Thr312Ser,c.935C>G,NM_000546.6,missense variant,Benign/Likely benign,"criteria provided, multiple submitters, no conflicts",2024-08-05,312,T,S,benign
