mutation,score
Q331R,2.792579461095002
"R282Q, T211I",-0.47128536916504593
R280T,-1.4372731745397815
H193fs,-0.3594043760110349
R248Q,-1.1033096942267118
"E336*, I162N",-1.1801961042192928
R248W,-0.8485424553417118
R273C,-1.4091154176010479
R248G,-1.064668430987175
R273C,-1.879833197390101
V274F,-2.165417633039263
E180fs,-1.6202190246382446
R249G,-0.6027255383802266
P278S,0.1921161620084763
R249S,-0.5356836071068476
Q331_splice,-0.35926284479994214
"P89fs, R213Q",-0.014032739465097976
R175H,-0.8010092233817763
D259N,1.0165582808150142
D259Y,-1.320965232630439
Y126_splice,-1.4690036480730022
Y163C,-1.4798931110074223
V225_splice,-0.34822449482681767
"E224*, S241C",-1.5220371546386102
W146*,-0.2114570162506401
173_174VR>G,-1.1123676551101136
Y126_splice,-1.5211708811682976
Q192*,-1.5122133551039303
R248Q,-0.010562591663292624
K132Q,-1.5870924525324603
E285K,-1.9298490041214658
M246I,-0.047733607363660606
E204*,0.9618174451745292
R248Q,0.11997810794994034
E224_splice,-0.6838162072127929
C135F,-1.1545402230351143
E224K,1.9912934788709717
H193L,-0.9957009913521987
R282W,-1.1978063796429614
R175H,-0.9741552491733069
A161D,-0.8834212484445997
EE286del,-0.7956257100906602
K132E,-0.10526227129141075
M237I,-2.0365764177284307
R196*,-0.7459565191876995
R280T,-2.01111079708453
Q136*,-0.30226461307861163
V147D,-0.7656592158349883
A159V,-1.6375128331893467
R248W,-2.336466071216332
P278H,1.7226758126205057
C242R,-1.4850209699772516
I255S,-1.7022081001886844
"C275F, G187_splice",-0.7349445736337901
H193R,-1.0901406768900546
"R248Q, T211A",0.2404777208944931
R280G,-1.2088045912718197
S215N,-1.0494255445407494
R273C,-0.2330551879021131
S127P,0.29723200075549044
R248Q,1.306951525876294
D49H,-0.3381797642178277
D49H,-0.4327167463983006
"R181C, R290C",2.543627025297867
R248W,-0.30690855113386273
G245C,-1.0792294187552414
R248W,-1.5134223636463973
K321fs,-1.014738439298471
E285K,-0.06029977364754879
P27L,0.19408922216411828
C135R,-0.2031443397925823
Y234C,-0.07717628928548931
Y126_splice,-0.30204513448737663
R306*,-0.43343305862226295
"F134C, L252P",-0.19837838373701996
V157F,-0.9665356794288359
D259Y,0.31719051998290787
I195F,-1.5869627951515386
Y220C,-1.0107938812448518
P322fs,-0.6705926550087902
G245V,-0.21904240855184032
C242F,-1.472374489176108
G266E,1.1985794526130549
R248*,0.16567197732193198
S215C,0.1502174246666524
R175H,-1.2497869986676984
R213*,-1.536134644288483
T155P,-0.673429625888096
G245C,-0.7776395121009877
V157F,-0.17514159985081512
S241F,0.7957241090596391
G279fs,-0.7558390520195949
R248Q,-0.2426148545483859
V274F,-1.375834119126478
G244D,0.8803648159778933
E171*,-0.11743336562449075
S20S,-0.1971211614986247
V216M,-0.8643900578761619
"R273L, Y234C",-0.5527828835193747
R282W,-1.39189841102645
H193R,-1.4206834126033292
F270fs,-0.7029673915090052
"R273C, S33_splice",-1.4199838271615786
K132N,-0.4291427657642959
R248Q,-0.8508468806531395
S241F,-1.2857100143885203
R213*,-1.647827418776358
S241C,-0.6346788112231537
R346W,0.022052537715357513
"R248L, V225_splice",-1.3892723091181964
Y220D,-0.19905257525118059
H179D,-0.4626989503683922
L265P,-2.0424215354876853
"E11Q, H179Q",-0.6781549171066308
"Q317*, R248W",-0.5521118209392804
C275Y,-1.5988950412645968
Y236C,-1.421436607614949
L194R,0.6462423548116089
V272M,0.8810475484777868
V143A,-0.17685286530150093
R248Q,-0.09578129056079668
N247I,-1.0999150150562185
S261_splice,-1.7018750312574866
R175H,-1.1430075532790038
Y220C,-1.6926958686873403
D259V,-0.7847116976811213
E294*,-0.8181557033739685
V225_splice,-0.8684066070408428
Y163C,0.07889954754694306
T284fs,-0.9318084105283945
R248W,-1.195593358560502
Y234C,-0.720909339656727
Y220C,-0.9364801694346959
C242Y,-0.9449138751347249
Y220C,-0.6408176105165202
R273L,-1.6523060877221605
R175L,-0.0856255877921539
R196P,-1.6600344998275278
R248Q,-1.0667941685542222
S241F,-0.8227340671791235
V218del,-1.2526964343499953
S241F,-0.7322016045092259
I232fs,-0.04816350003749126
P151H,0.8429017869006143
R248Q,-0.1797846074916104
R248Q,0.238225376522882
"R213*, S241Y",-1.1423759973052285
M133K,-0.8227591804728404
M133K,-0.3831044372216269
P152fs,-0.5632010619918375
G187_splice,-0.6055816067149908
G244A,0.17474901801289458
P152fs,-0.4855333542253166
R248Q,-1.229724320126936
R156P,-1.6475221566399922
P151S,-1.6277102737294884
R175H,1.1972322159192859
V157F,0.07926231886747437
R248Q,0.5338473064464848
H179R,-0.3540475393712411
K319*,-0.3681138084802321
P278S,-0.8134551693152763
E224_splice,-1.203914591845143
K305fs,-1.1392907826060705
R248Q,-1.1441707192340889
V216M,-0.7870334350288364
R213*,0.06619984790695624
P250L,-1.5731471199585636
R156P,-0.08568203144182894
R175H,-0.8656687808514798
H193P,-0.21309319937962581
E271K,-0.27171819522425655
"A159D, N239D",-0.8174487552868447
Y220C,-0.730076858806686
R282W,-1.875154863606331
I255T,0.11085149599843724
R196*,-0.470075464181491
Q192*,-1.15721422265278
C229fs,-0.8566885804889944
C229fs,-1.3870755357203584
Y126C,1.073838211362649
R213*,-1.0873638603359455
"D49H, M246V",0.1591255393305172
R249S,-0.8733499563373026
"E271K, K320N",-1.9091789381919324
R249S,-1.2189240895285924
PPQH190del,0.6076281081842616
R267P,-0.501406718458825
R213*,-0.13878539906094128
C275F,0.3402341031194051
S261_splice,-1.383192912336004
V147G,-0.762780040592072
R248W,-0.8736774993193541
R280T,-0.6016689940723595
Q136fs,-0.42125048350589783
S241F,1.5175000681501567
R273C,-0.7586223457423763
C135Y,-0.07622205898970588
R248Q,-0.8078952716258719
E11Q,3.2476318360977436
Y234D,-0.47180617108773804
P301fs,0.5303971694040848
V272L,-0.12648262238645452
P177T,0.6347500484897398
E224_splice,0.1732757823721449
R175H,-1.4653567551969129
H179R,-1.2819139550693548
R280T,-0.6896460561403162
S241F,-0.20323785926808166
E224_splice,-1.2841256427363512
Y126*,-0.6238900172160077
R175H,-0.529430801243548
W146*,-0.4224317403713382
R342*,-1.6997084787698569
H193Y,-0.46759521949199023
R249S,-1.9509908792894386
R248W,-0.21558651867132
R248Q,0.6784489963538103
A161D,-0.7352872004303854
P152fs,-0.12060803438341888
K132R,-0.3348364483854832
D281Y,-1.5988844086480203
R248Q,0.19528618583006052
H193R,-1.231742623658462
R248Q,-0.6059869083640141
G187_splice,-1.0295694212071695
"E326K, V225_splice",-0.605617108771334
R337C,-1.499295661678531
H179R,-1.152342502602972
Y126_splice,-0.9590954027313109
I251fs,-0.11485562840200883
S261T,-0.022798793065363032
M237I,-0.5590019896335514
M237I,-1.2885638664228318
V216L,-1.3619487439762157
P34fs,-1.3541235202038786
V272M,-0.702005455749265
R175H,-1.308769156748807
C238S,-0.9245194307606905
P98L,0.3193351261680771
V272M,-0.5351314097803642
V143M,-1.28554409063496
E286K,-0.21677627600333677
G245S,-1.2457652294255173
R175H,-2.5935969808237043
Y126*,-1.2403421560513328
E11Q,0.10727405431703403
R248W,0.47723857224221794
R248W,0.12924300617784218
E286K,-1.2224193334841
C238Y,-0.8022759543410204
R280K,-1.8177276980545303
E56*,-1.13290723982292
Y236C,-2.0774174004794563
G266E,-0.8217342045645726
Q317fs,-0.1742020411247481
H233del,-0.9298944594996172
"E258K, Q317*",-1.5381703360867345
A307_splice,-1.2030417676107128
"R306*, Y220C",-1.1566619902533197
"R273C, Y220C",-1.0868592520313372
S215del,-1.0685976414426384
R248W,-0.1481294264029802
V147G,0.1712351179227063
V143A,-2.1895866952787495
P278S,-2.2458853769706737
I251L,-0.7686509059905766
A159V,-0.42902295677414837
"C238S, V173M",-0.4170874529279401
R248Q,-0.18050613296511592
A159V,-0.024528316625083348
R158H,3.108176127832501
P152fs,-1.0956961534835536
S261_splice,0.391656387344512
R248Q,0.14013419404471114
R248Q,-0.46968980275143796
R248Q,0.42435224374352587
R273C,-0.8576319895532134
V225_splice,-1.3659987093628474
R249S,-0.5444288524385428
G334V,0.6551594422329343
"E298*, L35fs",-1.3426950118544154
E285K,-2.046910380702485
E339*,-1.8589747707895632
C141W,-0.7108457564334953
H179Q,-0.34855160864980916
R267P,-1.1926349192995547
H179R,0.022884418650495453
R248L,-0.8041777936473196
Q144*,-0.2353286291438369
R248L,-0.5355938389076093
R273L,-2.043287379187245
L35fs,-1.0520480880424423
V225_splice,-0.4009448787423749
C176Y,-1.3513798229125098
Q331_splice,-0.5333765181431906
S261_splice,-0.4313308574066897
A307_splice,0.3420500929897444
R273L,0.5764173215740584
V157F,-1.5556329410621665
E224_splice,-1.7811867350197064
R209*,-1.5486375682192985
G244C,-0.30457123071145986
R273L,-1.0904623456940692
M237I,-1.1951149612019305
R273L,-0.5046135743922148
K291*,-0.3357262364767167
G245R,-0.7975064189317265
R175H,-1.264685473954193
"H214R, V147D",-0.5269034949025272
R273L,-1.4067044176584345
S240R,-0.34859905300732974
Y220D,-1.3875332208756392
G262V,-1.6472374199910909
V157F,-0.23627461362642224
V157F,0.8443767248068299
V225_splice,-1.166361979590568
R248W,-0.27107404223381615
R248Q,-0.08748983052674963
R158P,-1.508473560592511
R209*,-0.6515691806183281
R158G,-1.2826152099789505
Q144*,-0.5969152992379115
V157F,0.24490205424941008
S261_splice,-0.8829156781290268
Q331*,-1.300419132579061
K291*,-1.3546008109824164
G154V,-1.9735471781753986
M246I,0.8124290718119249
Y220C,-2.299379355798694
Y236C,-0.5614974000448771
G187_splice,-0.32018423942079505
D342N,-0.5883473309698489
R158L,-1.8017008372898213
G154V,-1.0167899132203162
R282G,-0.7461281749337403
W146*,-2.1112240808698015
P191fs,-0.24400166438528026
T155N,-0.4788602428873114
S33_splice,-0.5860347643018116
G245C,-0.3195065671448252
S261_splice,-0.4095111448569226
K164N,-1.1771980949422032
"R158L, S215I",0.5306446503121309
E171*,-1.3915282831096452
E224D,-0.26442355484579977
165_166insYKQ,-0.9415705474343699
R158L,0.9719616422459912
E294*,-1.358284900335544
C242S,0.029246418992452478
E285K,-0.40357278613259884
C242S,-0.09016853269169291
R248Q,-0.7146804985816739
G266R,-0.11456576017398777
R248Q,-0.8077885674932925
R248Q,1.0334093928448964
"R248Q, V143M",-0.07448349532248343
Y220C,-1.5504469829828778
P152fs,-1.2843205796670663
K319*,-0.46001590947188
"L145R, V225_splice",-0.12080455410052021
N310fs,-1.4691932903210119
C135Y,-1.927159504797752
R248Q,-0.8906665411898841
R175H,-0.004598674122139717
Y234C,-1.2414306223468476
S215R,-1.1103002845705339
L130V,-1.4911624044388847
Y126_splice,-2.045672208509631
P152fs,2.5155162318335864
R282W,1.1645377504048877
R342*,-0.8810941439246501
"E11Q, R248Q",-0.9009765402096004
"R196*, Y236C",-0.6267802237116225
"E287*, Y163H",0.0929057096949947
R248Q,-1.8547378744502847
R273C,-0.6961553382181637
G245S,-1.1645185045411002
I255N,-1.769770869210586
C176S,-1.8586002315064438
R248Q,-1.2126321531218267
A138fs,-2.4190051132490016
R248Q,-0.13937152124269744
R248Q,-1.4256918051010754
A159V,-0.19721411897178157
A307_splice,-0.9653212783451702
Y163C,-0.6826414689660841
"N239S, R273Y",-0.259617235652351
M237I,-1.1592195637013256
P36fs,-0.04696149974316981
K132Q,-1.7311496807639586
"R213Q, Y234H",0.35495990242514996
R306*,-1.7409511040216663
R248W,-1.872457354350304
Q317*,-0.1131950467196476
R213*,-0.33923591445943246
P278F,-0.8794007374009472
A159V,-1.4041896624320116
E224D,-0.6591217450971167
F134fs,-1.487544126433406
P152fs,0.6637607052769157
"E294*, K132R",-0.03347390850047093
R175H,-1.2711998146177104
A138P,-0.2127536940104684
V218del,0.49968252851396466
A347V,0.9488931629939092
S166*,-0.1611515287284918
E285K,0.5064356201168237
R273C,-0.5993637555122878
"R248Q, S183*",-0.752460095300522
R175H,-0.02178681689704888
E326*,-1.3892826883357268
R248L,-0.8826505741647334
R110L,-1.3705464332513855
E224_splice,-0.869721813022739
R209fs,-1.2544474471021312
P151S,-0.7998451201578849
P278R,-0.6733808042283669
R248Q,-0.05382852554921505
"G187_splice, R248W",-0.32635990642888535
R248Q,-1.2254090622297729
R273C,-0.9920270431680214
"R273C, Y205C",-0.9140225544504708
R175H,-0.9198464034985431
C176F,-1.3004032324635695
"G245S, M237K",-0.8467927618250318
H193R,-0.5995090048979712
R248Q,-0.13841963948300992
G245S,-2.268718356569688
L145R,-2.0178369763138333
R267W,1.0150499447077448
T284fs,-0.03765141970521446
E298*,-0.44069762933287004
M246R,-1.2622599474112495
"R175H, R248Q",-2.310966974237282
R248W,0.5083646726478659
I195S,-0.7356063238097371
R158G,-1.2390402870838668
P151A,0.46287244075479256
R273C,-1.206935149567396
R175H,-0.40347979442505294
A159P,0.46898362653018755
S215I,0.5272296744631614
"D281N, Y126_splice",-1.138166147258241
S215I,-0.8192918792891369
V216M,-1.1452373512947116
R175H,-0.33138122478675797
V217G,-0.9110180074521044
K164*,-2.0111465079838524
S127F,-0.13192090746498933
Y126_splice,-1.5448734635614323
A161T,-1.2762354785624364
G245C,-0.8374952846325714
"G262D, N239D",0.13474975284022522
G266fs,-0.7667857794336972
I332_splice,-1.1417248694349382
S261_splice,-0.08629294201344662
R273L,-0.8509881737253762
C238S,-0.449410074508502
S215N,-0.8293778605804523
A307_splice,-1.2646837967221152
Q192*,-1.179072803720302
P142fs,-1.574338371035605
"K132T, R213*",-0.4498722416910947
I251N,0.5454339227216055
P219fs,0.18393175123768254
R273Y,-0.46950941908165855
G245S,0.4322215796530048
"R248W, V218L",-0.13960242062343042
P152L,0.5662529142165028
"N239D, R158H",-0.058358766286024426
G245S,-1.5435822938501338
I332_splice,-0.06295177645302862
R273C,0.336316434844141
"V225_splice, Y234C",0.1244811788513309
"R249G, Y234N",-0.40093753552122374
R213*,-0.3488789766628002
R273C,-1.2914750198050688
A159D,-1.1135075936836065
C277F,-0.20429486008569403
C238fs,-0.510974678419558
R248Q,-0.6612855859790419
R273C,0.13055289081797605
R273Y,-0.6046255501896116
E51*,-0.43529853845735744
I255S,-0.7460908047856973
R248W,-1.0684478995913336
Q167*,-0.12899161895026295
Y220C,-0.7198525420065853
L194F,-0.2343573516272242
G187_splice,-0.9780839838979536
M237I,-1.7451900956294955
R213*,-0.40071001927103733
Q331_splice,-0.20128134268376038
V272M,-1.2708601948321332
C242Y,-1.4869901086078627
K291E,-0.10722619118352872
R213*,0.7411507267374611
G245C,-1.408923998750105
V272L,-0.16777540284697678
R248Q,-1.376529730523455
"M237I, Y220C",-0.9790876184385059
R267fs,-1.1933140489646141
R342*,-0.9442355676547138
"I251fs, V225_splice",-0.2872288348958285
R273C,-0.2780292990759799
R174fs,-0.3649391760884253
C238G,-0.7403008090835588
E198fs,-0.17189329962020714
"E258*, H214R",-0.006593373762343896
R273C,-1.3518631417373772
R175H,-1.8486598857124652
R213Q,0.6131858712397448
A161T,-0.4110889346619499
G187_splice,-0.35757433151761375
R342*,-1.172604249297915
P152S,-0.33537303175411476
A307_splice,-0.34595402395837865
R248W,-0.691464290686326
R175H,-1.2564091711007657
R175H,-0.17881147970517924
V157F,-0.4423769120675539
P278F,-0.32544023160123825
R248Q,0.18283218982077043
H179R,-1.8238692518099147
Y236*,-0.3980445077740212
E258A,-0.5100152621902478
G199*,-0.9641477652940778
146_149WVDS>C,-1.66354214132287
