path,bytes,sha256
configs/optimizer.yaml,796,4c0282824af9a54155c5debf376b4a0ce5aac56fae679a694235ceb6c78b8b67
configs/p53.yaml,1154,4361028f08e7ca3e1e4b9e6163bae3112a1402dad69b1373c36387a91b8458f9
configs/paths.yaml,156,a04b85b6ddf36100701f296287814ee215a0d1f5a393f171d6d5ed9cb5c78987
configs/report.yaml,183,141c9ae4c08991d0b8be38dfbaf6fbde1268cdeb24f961a31713e83b466018a9
configs/scoring.yaml,970,72233b0d2df6d4d85353bc105efee85202b72d82550f349c43f0d5babf7096bd
processed/.DS_Store,6148,0c990fde7de0b3705155b268c3264bce6e24b25220f39d300591733e71d19794
processed/cache/evoef2_fa0ec220757f73b0e827613b48c845a1db597f4083c36580029576955a5cb21d.json,146,fddaf5a7b957e151083600bba7b39b2728fafdccdaebfc09a3a1a0986e1a4e8f
processed/cache/evoef2_repair/5a7051e8f97848d43b3747268825b29cafb5fa99d2e3fff6f58efcdb74e74cc3/AF-P04637-F1-model_v6.pdb,248103,7c5b94e833a2ec66b37a836d35627581a0b4d3570e16a54f17356e020589ac0f
processed/cache/evoef2_test/fa0ec220757f73b0e827613b48c845a1db597f4083c36580029576955a5cb21d/AF-P04637-F1-model_v6.pdb,248103,7c5b94e833a2ec66b37a836d35627581a0b4d3570e16a54f17356e020589ac0f
processed/cache/evoef2_test/fa0ec220757f73b0e827613b48c845a1db597f4083c36580029576955a5cb21d/AF-P04637-F1-model_v6_Model_0001.pdb,295381,c2da3c1bb5d75cf486eff91a5fe03563d6acdca03d370b790a7475c0af142fd5
processed/cache/evoef2_test/fa0ec220757f73b0e827613b48c845a1db597f4083c36580029576955a5cb21d/mutant.txt,8,3c2909ba8493ee7a2aeaba02c9105ecc950d9cbaeefe4acfa725b6c2010ab680
processed/cache/evoef2_work/27227486b2e4fc12625b2a687b9d793776aba630ae0aa7c846edc18e30c2a534/mutant.txt,8,b3310f7143f36e5a90e3e29b61930b4e7ee9328597418a3fd5b15b1009dad4dc
processed/labels/benign.parquet,11125,967274228aa33b17d7c1ab652b8fb6b45629a765be9eb7040cda241e0a97fef5
processed/labels/pathogenic.parquet,17807,150202f0f1a6c7a0a9ebccf24eb131ffc7ffaf0e8b4971c5f65a5ff11b22b1f0
processed/msa/P04637_alignment.fasta,37434,f62e5952616f35f319ac9c18a3a16566987b873ff8ed2bb0255c6c7cfccc91bc
processed/msa/P04637_conservation.json,11208,31e5a2d399535acd8351657e684925842212569f48f8dfc7f6b69ac163d7fe22
processed/msa/P04637_homologs.fasta,16071,c85d7c6f81132e1d3e91e6daa802f87f1ed715929937532a31bb3033df4051b6
processed/rescues/R175H/candidates.parquet,72264,1201ba46abe05ad637fe044d29b82d526f6014488075724a158071be3926e20e
processed/rescues/R175H/pareto.parquet,7838,ccd1f26c66dd3f3b14930833fff87915fee9b83e9afd272d2ffd2c1eaab59616
processed/rescues/R175H/signature.json,1216,cbc384151c7aad17d412f9575a32769e321bdc138d395c0337492a2aeccfd8de
processed/rescues/R175H/summary.json,133,6478e4905ebeeff9e9f1dd03fbf86c48243980e09e133ddc8d0d782b9bbde339
processed/rescues/R248Q/candidates.parquet,72966,ce7fe7fa68907f81134d15dd9927fc93d95304b072eacf88e08dc9e4a04ada79
processed/rescues/R248Q/pareto.parquet,7986,300c415a4914a7c6f8fbada0a5f26cd6e505a6f33f10e4b688a77caee3073272
processed/rescues/R248Q/signature.json,1216,d09d493a9cfc6c9561c07ecbfc14242ff05fb34b12b33491e16c46448229ad39
processed/rescues/R248Q/summary.json,135,f6708b8678a9a61ba8d5465e86ffcc6ae94a112e0b6eda74c6988608b948f6a1
processed/rescues/R273H/candidates.parquet,70746,a934dd226b93c5f8f6fbc818d6fe3bd27be4231da28ae6566d5cf1265f0f4d5d
processed/rescues/R273H/pareto.parquet,8098,02f07bf34b9fbfb46d8bedd6ad257523672455843374e3422e4c9c885c786849
processed/rescues/R273H/signature.json,1216,e11c0c2d1037127fbbbc13575d89ce02376c4d81089ad5a391a7f009110884b2
processed/rescues/R273H/summary.json,135,2f0620b612c7950f2eccfc32b7b08744a1f154cc1f51401e6dd8a155378ebaf7
processed/splits/clinvar_split_seed42.json,3369,5385e16058c66111498ca9cdb9015fa94e0ae00a946554b281abf75038bdc044
processed/variant_scores.parquet,50530,b09c2f2cf862c9d98a1871eda2c25bae5d795e73197eede0c2d8ccf0861d16a4
processed/variant_scores_meta.json,342,ee1d2aded1aad1dc86474c8db78df04362aa1aecc68b220cd4ecd233b3756baf
processed/variant_scores_signature.json,617,67e3bd4b7d27ec49e6ef1a0e8f63aea7f3318b439834e8666eb29e92c7a0e848
reports/executive_summary.csv,525,b0f3ed0ad97acb59bc98028df1c72c8012b27c10c85438b644dcee5deba3cfe1
reports/executive_summary.tex,977,8cbf9e67e7f0c83aa18388b6b57b70156f0da76d90151ad8b183406cd2b9c3fb
reports/figures/benchmark_composite_fancy.png,580423,31b60d6e98def997d92d59e4f920a0e062f30d1885c936779928dc0023491b83
reports/figures/pareto_3d_R175H_fancy.png,587604,948fb13f7d265ec9ab4e0581f18d451cbd826d29f9e5fff2e60736ec7e889b18
reports/figures/pareto_3d_R248Q_fancy.png,579239,56dd61e89f28cb1fc691c91422fc3a3b59b3a96f8bbedff56a7ae9dc0c499456
reports/figures/pareto_3d_R273H_fancy.png,592119,c82f4b805a6474af31718a85e7898972f989a8e0ceb4a3c1430c0722bcfb4d6e
reports/figures/pymol_renders/protein_pymol_R175H_1mut_back.png,246679,20afdb0d910a1134e366973f7f01da6ac05d108cbfb5bcf6da9263282c129697
reports/figures/pymol_renders/protein_pymol_R175H_1mut_front.png,237454,bd8058070f65c8629775d6541297fe510c1f65a542ef660780d06bbc33a2ac3d
reports/figures/pymol_renders/protein_pymol_R175H_1mut_hq.png,644903,7ab2b3344237f178e18f7c40cd3dbd87692554844ef762dc4b520324b372b39c
reports/figures/pymol_renders/protein_pymol_R175H_1mut_side.png,215448,8dcede7bceb11b3121517f68ba6aa4858985c3bc3979476090d935d165bbb672
reports/figures/pymol_renders/protein_pymol_R175H_1mut_top.png,236847,811b5ec13a19d5965137f6c073c9853091ad0bb6254e0bf81fd7b91f13293c5c
reports/figures/pymol_renders/protein_pymol_R175H_2mut_back.png,247914,8af1079a139314cdb23a858801299e11b3260c48fab8aa10f13504bc59b8e2dd
reports/figures/pymol_renders/protein_pymol_R175H_2mut_front.png,238810,534a9772c45fd8ae2ac516325cbc7e6e0334ab343f674371fd5a582327de2d1a
reports/figures/pymol_renders/protein_pymol_R175H_2mut_hq.png,649723,b6d05d151f4122eec30564d88771d5a8afef6036ddcfae9cf1f1dc765c048012
reports/figures/pymol_renders/protein_pymol_R175H_2mut_side.png,215311,c165ccefdce1e2f41679458d02adae89cdf7f9dcc6959c985c7f0485aa798fb4
reports/figures/pymol_renders/protein_pymol_R175H_2mut_top.png,238298,4c9f67782ad5327024cb7c64dc84be8ff5ff17715156a1de8cb8081c369e0263
reports/figures/pymol_renders/protein_pymol_R175H_3mut_back.png,249531,35c40949466d6f943b12c5b3668dc07ad7a2307d033b40259b5f2c2b5e0f133f
reports/figures/pymol_renders/protein_pymol_R175H_3mut_front.png,240485,f732701b0701e04c55b767e3248a6240180f1d175f3357406ad071ebaa690057
reports/figures/pymol_renders/protein_pymol_R175H_3mut_hq.png,659405,0cb472bba4047cda296bc524fbf414a41d89d4e08e15e2fdcb2df1983171a707
reports/figures/pymol_renders/protein_pymol_R175H_3mut_side.png,220521,c59c86d0e95599a05c68b43af09f181749badc0884abaeab2d7ec27534eaa4c8
reports/figures/pymol_renders/protein_pymol_R175H_3mut_top.png,245657,5dbd14940c84bf946843e3d54a9ae5ea68066cf90d165da75350fc3fce1cdcf9
reports/figures/pymol_renders/protein_pymol_R248Q_1mut_back.png,241757,a4ed42f7cc0eb40f88d6149f5d2235a99104f87cc257b9305658c8d5a71576a6
reports/figures/pymol_renders/protein_pymol_R248Q_1mut_front.png,232652,962a3cd4c9bcf8464e0df59bc1471280ef3ebd026b062ffc98d468281658ea27
reports/figures/pymol_renders/protein_pymol_R248Q_1mut_hq.png,625333,db04e4787fb685b99813ab305e41cac1f26c1160a12cb84018e70541f0da180d
reports/figures/pymol_renders/protein_pymol_R248Q_1mut_side.png,209930,5a53b5338210e7829c1a3f9d9148661e57464503d6348c0c7ca1c153914f00f7
reports/figures/pymol_renders/protein_pymol_R248Q_1mut_top.png,234732,4158ca842c4ea11d77b0b3a31d479c05aa9106cd78620f5638599e017b7be1fe
reports/figures/pymol_renders/protein_pymol_R248Q_2mut_back.png,248844,93f727e18dc60db3df01ad089b0fb2bb46694944a38ca05b972910b52985d4f4
reports/figures/pymol_renders/protein_pymol_R248Q_2mut_front.png,239462,dc3c586f32926a6c8a5e3d9d341a1e5497d473e99a522cd81c13e45d3bfe5b4e
reports/figures/pymol_renders/protein_pymol_R248Q_2mut_hq.png,648561,f9d4b85b0e617a405735be704da41b054f6ba1b44fc8daf274bb31eebbf3bce0
reports/figures/pymol_renders/protein_pymol_R248Q_2mut_side.png,215070,4035feafc1b1f7577a031a542cb02df28139dadef3ea8c23b354e2a097b30b36
reports/figures/pymol_renders/protein_pymol_R248Q_2mut_top.png,239475,8ab4093ee701c71269512524b9f9df697147b872ccf4581d0f796bec3333a691
reports/figures/pymol_renders/protein_pymol_R248Q_3mut_back.png,254195,e171313001b4e507590ab8b6dd5a20e0838da6873224c95ba37b962be1e62937
reports/figures/pymol_renders/protein_pymol_R248Q_3mut_front.png,245235,68ef061e22a71af7ca04116133a3f7598551ff15c2501b37697ddcb6ebe79879
reports/figures/pymol_renders/protein_pymol_R248Q_3mut_hq.png,671777,dd519ca01f312430e2686a788720bff3a2295d9b36f5081107da19786a551cb6
reports/figures/pymol_renders/protein_pymol_R248Q_3mut_side.png,222432,a0fde5751d0c0fe306365ac1bd15b18f10fc8067079bf656b1eb6744a317853b
reports/figures/pymol_renders/protein_pymol_R248Q_3mut_top.png,254224,e0b2b321743873133ddae542568454b76e1b4f394e6e6a5b6cffd1a3ebbf31f6
reports/figures/pymol_renders/protein_pymol_R273H_1mut_back.png,244362,333932c7310486933744780fa9cad2782ed2f52c866d368b24a79559ad30fa5a
reports/figures/pymol_renders/protein_pymol_R273H_1mut_front.png,235299,c9b202b1c29bf9e98d9ec7bbe52dad07dd164eda10eaace062e6083b415169f4
reports/figures/pymol_renders/protein_pymol_R273H_1mut_hq.png,632557,18c59f95e0f22d5d190ac034f5381fbe2737d9d7dd992413c78f62360cfc8d61
reports/figures/pymol_renders/protein_pymol_R273H_1mut_side.png,208466,ba4214ab75224661e3b7359d07d1f260435f3303e5b1e01dfc63f307c6f063bc
reports/figures/pymol_renders/protein_pymol_R273H_1mut_top.png,232308,1d33d72c1f1cb3df259fd6083cabb19985d309f2a579e9eec4a59edaf7e6ba2f
reports/figures/pymol_renders/protein_pymol_R273H_2mut_back.png,247896,5d12fa142725f7e78a26e062977763a01bed05ee5202ea90c3adf875b9447fe1
reports/figures/pymol_renders/protein_pymol_R273H_2mut_front.png,238711,2ea97b6eb0620df020aace8db173f864763332a6263ae02dc5ecf1f9e0f1bdaa
reports/figures/pymol_renders/protein_pymol_R273H_2mut_hq.png,649113,c9aa30260b89a4ea6d91a09a1dffd15649bf130adf66caef4f5b740875d4ac97
reports/figures/pymol_renders/protein_pymol_R273H_2mut_side.png,215772,b028154a4b95abea064235152d4939b39fe33c5915001e74ea3426d57f4a8c6c
reports/figures/pymol_renders/protein_pymol_R273H_2mut_top.png,242656,c04eb8eeedc1d0230c92266635a0430e5dd11becb6a620ccc5a4bc7369d675d9
reports/figures/pymol_renders/protein_pymol_R273H_3mut_back.png,253983,28d031d18f0ff3dac291da5efb97926fb339ca14df56834edda0cb86def8e08b
reports/figures/pymol_renders/protein_pymol_R273H_3mut_front.png,244811,7269ef4c6cdea063fd203edf33b8a7be33a3a453fb622e2190e09a315d252cf0
reports/figures/pymol_renders/protein_pymol_R273H_3mut_hq.png,668464,a9fd3d3864d046441d7da7276a099bd09593099b08fc350bf90da6d34a7f1aef
reports/figures/pymol_renders/protein_pymol_R273H_3mut_side.png,219610,2231b754fc5a0ef91d936fbb07d6c563d80219779848c2344585b2b394a1b3fb
reports/figures/pymol_renders/protein_pymol_R273H_3mut_top.png,248361,5862aa2603cf3075309ad5ea3bd8f44251ecc9f68bf6780c446c76675bc56346
reports/figures/rescue_comparison_fancy.png,641402,628f358c877c807df155e1b01528a6fe57cba0a4d89b3462b9c305a365d2500e
reports/figures/stability_heatmap_fancy.png,763362,0f17a32861845b7132812ccb5a23aac69ab331fd5b53ec1bd4d45c53173f427a
reports/figures/visualize_R175H_1mut.pml,1015,548baa40fd29e7e80733a877c06c3ff8734661c45dfab61926fe238ac9192e58
reports/figures/visualize_R175H_2mut.pml,1080,d64710318e734f8343a9e818bd1b685c60c98db4851e464b8d19ecbb67935f46
reports/figures/visualize_R175H_3mut.pml,1145,a369bc765e8459a4251958e58cd753da82d662184bc3b7bca82eefddfcc7214b
reports/figures/visualize_R248Q_1mut.pml,1015,dd2737d6c60b33eec6205a13635e4330d596bb8648b569a6e06a0a5bbde5a390
reports/figures/visualize_R248Q_2mut.pml,1080,47a19a635861bb5fbc61b85ae63f06a0befefc6698d91822fa45ea2a826c564d
reports/figures/visualize_R248Q_3mut.pml,1145,a93487a6f6d64b26a738dae6a879ba361a9339daa8e9fa88b7193cdd94db468b
reports/figures/visualize_R273H_1mut.pml,1015,21953e1e069e35e2b4ce7150b60c9f29f3aa1e656d0e1f053086060a69bb044c
reports/figures/visualize_R273H_2mut.pml,1080,f1230d92bec27cffb2b370c04315e109dd878bc3b7d1eb5046b1cc9d2a22e51b
reports/figures/visualize_R273H_3mut.pml,1145,1e2511abd3700c1a675d07a9429ab37763956f87fd08473f7a352097c3d5ddd3
reports/guide.md,9074,bd9f7d5ef53947186a0000c2e9081a9aa5ebd0a7c60f1a3780756bf2df723ed4
reports/logs/run_metadata.json,962,dd1a7364f086e22bdac4c9708dc9a78df3cdc17ab5c780b6488b2e9469dc5dbd
reports/pymol_scripts/render_R175H_1mut_hq.pml,1599,d5a567994a1a5d4e1d8915e757fa4666dd7af442b3e2ee88960fd40564b73673
reports/pymol_scripts/render_R175H_1mut_multiview.pml,1604,b8e2f21bce1b58585ae03336238aa651ac81884b40166de16a87a8c354b8dda4
reports/pymol_scripts/render_R175H_2mut_hq.pml,1810,8727c859e760fe9bc054fdc7e348372ff0ec67e989ccf9e4d474348315681ebd
reports/pymol_scripts/render_R175H_2mut_multiview.pml,1711,728afca7f66a124771fbd2aa958b35f9191a12b308f3816dff6d9341b2f77680
reports/pymol_scripts/render_R175H_3mut_hq.pml,2020,9cd2dfac91565977b6dc8063e26afc3f63269dfbbd6ff367d0b46d1a3550ea29
reports/pymol_scripts/render_R175H_3mut_multiview.pml,1818,0fa49c7aa9cf1ef049b5d40b3981b8470b2495343451ca3ddca9f0a23b1146d5
reports/pymol_scripts/render_R248Q_1mut_hq.pml,1599,99512290f2a068a1bed66765e93e452317cf61f6428e9dc05ebb12d960059770
reports/pymol_scripts/render_R248Q_1mut_multiview.pml,1604,ed1b5578420f2bd4ad8e6683392c0e09a3a5a1295fb1118a05f449d942517c52
reports/pymol_scripts/render_R248Q_2mut_hq.pml,1810,f5800be77a38590c86b263d2e47f5ac504e69ce006eaaa2519fba4f622a2c23c
reports/pymol_scripts/render_R248Q_2mut_multiview.pml,1711,0399268a841f31b3d8e705fdad5ad62b3ab5da83a8e36d4a91077bf6eaeb1378
reports/pymol_scripts/render_R248Q_3mut_hq.pml,2020,353599b08000d0f4495b74c4fc2830c044cd7c621f4bbb3b6d3d64fb4507b345
reports/pymol_scripts/render_R248Q_3mut_multiview.pml,1818,06936af32130d880ee372715ac105403c297a4639edf4a266a28d337caf5f282
reports/pymol_scripts/render_R273H_1mut_hq.pml,1599,0e3b29a2026e60f4880ce8e1795d3f0fc8b1ba5102a1bd456569d522fef50cf6
reports/pymol_scripts/render_R273H_1mut_multiview.pml,1604,d423b147d3913efd2bf51c48c5af8d308b7ef09b69ff09fe38331dac1a9676b1
reports/pymol_scripts/render_R273H_2mut_hq.pml,1809,ee361d30e45a25991287f5e74234f25e5f355c6ac820a06d17eaf24f8fafc4d7
reports/pymol_scripts/render_R273H_2mut_multiview.pml,1711,71f41dd99c9ebed22465d895b49850c873baceb01e6bb9d608a1e6f67e851500
reports/pymol_scripts/render_R273H_3mut_hq.pml,2020,ce759f56ba87ad21f7d15f70fcaec4fdff6f31881b4ece77e2ea5a31db996208
reports/pymol_scripts/render_R273H_3mut_multiview.pml,1818,93299194a18b5e22e5d98967e1f28c06b5e059162ba4b63d231f5e4486ffc135
reports/pymol_scripts/session_R175H_1mut.pml,1869,bf082fc0e2095438ecebced2875a13487fc5c20dde41fc4b25987d70947cc616
reports/pymol_scripts/session_R175H_2mut.pml,1943,b19e100dfb9e8728b5f01a3223c80aa32570e7a2306a5ad347da6e6f6db13e12
reports/pymol_scripts/session_R175H_3mut.pml,2017,24a40f82fdd0f253e4b55cba000f052c42696b51b5609dd36835e825bbff6a2a
reports/pymol_scripts/session_R248Q_1mut.pml,1869,1c7f7e8f20ad1b47383b3cbb227cbd389b80a4831b5b87be472a808fab47d6e2
reports/pymol_scripts/session_R248Q_2mut.pml,1943,ad1de519134a54955499f88f90a02e1be5e3f9402a166602d4a8d0b58e405730
reports/pymol_scripts/session_R248Q_3mut.pml,2017,6b7d4981d9b05b096df60ae73498ef08e94f04988db29ba03fda26161a61cf69
reports/pymol_scripts/session_R273H_1mut.pml,1869,8791ae416a86d34d6f7e1557c185a69bc7ee4db627ea59ca456ab1a90f8e156e
reports/pymol_scripts/session_R273H_2mut.pml,1943,c7eaa16cbf8244611193f9f5ac56daa00e208e64def5f6f690511ae519025195
reports/pymol_scripts/session_R273H_3mut.pml,2017,053d9d9f0cf7d2e1aee0c6e88371fc350f20ddaa55a3fd343aae0f28366c6f23
reports/pymol_scripts/visualize_all.pml,915,2288a2b1ab4e69582af59cface7894d4242edb68f1f6bd2f8e82d7eca47ea6e3
reports/tables/rescues_R175H.csv,4668,67e255d91705f40133238b21904ab7e49336d20debee648b140b9d79b9dda0c8
reports/tables/rescues_R248Q.csv,4750,341ce5db2b0fde906a1f1fa6b22b5bd246f36c40a35a85c2691d79ef9f829bd2
reports/tables/rescues_R273H.csv,4792,a1150be34bd281dbcc57ab8b3a43bc7e6bc116ff94f91c911237d2f135e4e5fc
reports/tables/scoring_sanity.csv,341,4d921de2e3b1be96b7960cfe654ea875971cc78c3efb27be09940e467c934613
reports/tables/scoring_sanity.json,13058,49512fc5391d26ea0f8095b537096f3e789e7e3c23bd7066b0b23459cd7f363a
reports/tables/tiered_recommendations.json,5909,12e77299b7e5e6f876cd24621e3be0f6f8a5f1cf7e752ab2dc27862e0e556a3b
reports/tables/top3_by_complexity_R175H.csv,1018,f896101f194b2c54a5001c25dacbb5f561fe213a61c8f7212c68c58bfae82f3a
reports/tables/top3_by_complexity_R248Q.csv,1041,36e407a879fa13eb8c1e3dc2b713cdbecebc8ff70f984523cc4882b5d7a2b759
reports/tables/top3_by_complexity_R273H.csv,1041,746ac6f214aff71f0b35b862db60640f34c4059961783fe5d30ce7fd73d59f02
reports/tables/variant_benchmark_input.csv,57962,6f58d5492a44871cb53eade6a7d78977c23e3b2c983fee97aa8a7b8a2a664422
reports/tables/variant_benchmark_scored.csv,15925,129ab857c3a77f533b3e2feb505ea079d0ed1e809a96118fcc6abe951ef24c07
reports/tables/variant_separation.csv,102,74e1a6da3c8b8f95955a4b091f615af76e292a68be3c1bba618f5d5243e799c4
reports/tables/variant_separation.json,128,5fba6a7be197aeada4911ee1b5d595d1ae4e3789010b92c23730737dddd4507b
reports/test_guide.md,9070,aee73fbc4081e1e74447b8a74735f1395c4b59e348d27be7e0bc5a693695d8c2
requirements.txt,130,71feef02b01bad7e6c9c1d6f00a7cd63594f8ebeb278fc55a47995f9c70d90fb