target,rescue_mutations,full_mutations,n_rescue,ddg_seed,ddg_total,ddg_gain,rasp_seed,rasp_ddg,rasp_gain,allosteric_dist,docking_affinity,risk,risk_components,set_id,ddg_alphafold,ddg_2ocj_core,ddg_consensus,structures_scored,ddg_std,ddg_range,is_pareto,tetramer_impact_score,tetramer_risk,at_interface_any,tetramer_details
R273H,R196Q,"R196Q,R273H",1,-1.8199999999999363,-12.610000000000014,-10.790000000000077,0.6185834857969199,2.1901729393325127,-1.5715894535355928,19.449063854651108,-8.566216750497093,0.2283684534653906,"{""burial"": 0.5, ""conservation"": 0.0, ""functional"": 0.0, ""msa_conservation"": 0.6134738138615623}",9bcf210a26e75b0a721acd2a0fb98400f2f31cb3d4ac5cd6513ca866b5075300,-12.610000000000014,-12.610000000000014,-12.610000000000014,2,0.0,0.0,True,0.0,safe,False,"[{'position': 196, 'at_interface': False, 'impact': 'none', 'risk_level': 'safe', 'explanation': 'Position 196 is not at tetramer interface'}]"
R273H,R196K,"R196K,R273H",1,-1.8199999999999363,-11.809999999999945,-9.990000000000009,0.6185834857969199,2.0830299503051157,-1.4644464645081958,19.449063854651108,-7.503073290024213,0.2283684534653906,"{""burial"": 0.5, ""conservation"": 0.0, ""functional"": 0.0, ""msa_conservation"": 0.6134738138615623}",d1eb918382330b0df30cbd2edb754b8cd408dc254de8dd65072dd09aa19e6301,-11.809999999999945,-11.809999999999945,-11.809999999999945,2,0.0,0.0,True,0.0,safe,False,"[{'position': 196, 'at_interface': False, 'impact': 'none', 'risk_level': 'safe', 'explanation': 'Position 196 is not at tetramer interface'}]"
R273H,R196H,"R196H,R273H",1,-1.8199999999999363,-11.379999999999995,-9.56000000000006,0.6185834857969199,1.7114784532271237,-1.0928949674302038,19.449063854651108,-6.877526426165854,0.2283684534653906,"{""burial"": 0.5, ""conservation"": 0.0, ""functional"": 0.0, ""msa_conservation"": 0.6134738138615623}",70e176eaa78c3aa1dcf32c5f9097b446599db02ef8ac5bc458fc773a7ff4ef67,-11.379999999999995,-11.379999999999995,-11.379999999999995,2,0.0,0.0,True,0.0,safe,False,"[{'position': 196, 'at_interface': False, 'impact': 'none', 'risk_level': 'safe', 'explanation': 'Position 196 is not at tetramer interface'}]"
R273H,S95A,"R273H,S95A",1,-1.8199999999999363,-8.049999999999955,-6.230000000000018,0.6185834857969199,-0.029195092914159115,0.647778578711079,25.248906728967896,-8.122544969047324,0.1861884977302301,"{""burial"": 0.5, ""conservation"": 0.0, ""functional"": 0.0, ""msa_conservation"": 0.4447539909209204}",24f34dea4b00bfe55ef926931414f5e7bd1df56b9bb2aeedcc37c40427c7864f,-8.049999999999955,-8.049999999999955,-8.049999999999955,2,0.0,0.0,True,1.5,medium,True,"[{'position': 95, 'mutation': 'S95A', 'wt_aa': 'S', 'mut_aa': 'A', 'at_interface': True, 'impact_score': 1.5, 'impact': 'mild', 'risk_level': 'medium', 'explanations': 'Loss of H-bond capability at interface (S→A)'}]"
R273H,T211A,"R273H,T211A",1,-1.8199999999999363,-7.230000000000018,-5.410000000000082,0.6185834857969199,1.0729563510326248,-0.45437286523570486,23.584711573554674,-9.45431615585377,0.21487117293448438,"{""burial"": 0.5, ""conservation"": 0.0, ""functional"": 0.0, ""msa_conservation"": 0.5594846917379376}",a6e0d398c33e4bad946ec12bbe55349c25a739d1ef6d86353039c7ec381f5078,-7.230000000000018,-7.230000000000018,-7.230000000000018,2,0.0,0.0,True,0.0,safe,False,"[{'position': 211, 'at_interface': False, 'impact': 'none', 'risk_level': 'safe', 'explanation': 'Position 211 is not at tetramer interface'}]"
R273H,H214N,"H214N,R273H",1,-1.8199999999999363,-6.399999999999977,-4.580000000000041,0.6185834857969199,2.328445199408195,-1.7098617136112753,21.086616976636268,-8.404548295899374,0.21175172111401508,"{""burial"": 0.5, ""conservation"": 0.0, ""functional"": 0.0, ""msa_conservation"": 0.5470068844560603}",27649553228eb789077dd176638a1367952b12fb7fba20b3741117632a84b11f,-6.399999999999977,-6.399999999999977,-6.399999999999977,2,0.0,0.0,True,0.0,safe,False,"[{'position': 214, 'at_interface': False, 'impact': 'none', 'risk_level': 'safe', 'explanation': 'Position 214 is not at tetramer interface'}]"
R273H,A189S,"A189S,R273H",1,-1.8199999999999363,-6.330000000000041,-4.510000000000105,0.6185834857969199,1.3379509009208177,-0.7193674151238978,20.982458618670247,-8.87167095394843,0.1249915051564516,"{""burial"": 0.0, ""conservation"": 0.0, ""functional"": 0.0, ""msa_conservation"": 0.4999660206258064}",b9b84b79e626e006ba5d83f5a687db7862abebc47fd7c38f9a48537bfe16c9f2,-6.330000000000041,-6.330000000000041,-6.330000000000041,2,0.0,0.0,True,0.0,safe,False,"[{'position': 189, 'at_interface': False, 'impact': 'none', 'risk_level': 'safe', 'explanation': 'Position 189 is not at tetramer interface'}]"
R273H,C229A,"C229A,R273H",1,-1.8199999999999363,-6.210000000000036,-4.3900000000001,0.6185834857969199,1.2279166112260644,-0.6093331254291445,11.499219121543577,-6.985689524135811,0.16107917176765063,"{""burial"": 0.5, ""conservation"": 0.0, ""functional"": 0.0, ""msa_conservation"": 0.3443166870706025}",e6021874fe9591797f251d314b8bee746bf45d2f4af4217d473aa9aa333d8099,-6.210000000000036,-6.210000000000036,-6.210000000000036,2,0.0,0.0,True,0.0,safe,False,"[{'position': 229, 'at_interface': False, 'impact': 'none', 'risk_level': 'safe', 'explanation': 'Position 229 is not at tetramer interface'}]"
R273H,A189G,"A189G,R273H",1,-1.8199999999999363,-5.899999999999977,-4.080000000000041,0.6185834857969199,2.1459831704385017,-1.5273996846415818,20.982458618670247,-9.104608910517,0.1249915051564516,"{""burial"": 0.0, ""conservation"": 0.0, ""functional"": 0.0, ""msa_conservation"": 0.4999660206258064}",8f649a43c8d96cbabd6234c4aaa623ff251b579626f7eefbe4ba5d313a09e09c,-5.899999999999977,-5.899999999999977,-5.899999999999977,2,0.0,0.0,True,0.0,safe,False,"[{'position': 189, 'at_interface': False, 'impact': 'none', 'risk_level': 'safe', 'explanation': 'Position 189 is not at tetramer interface'}]"
R273H,Y163F,"R273H,Y163F",1,-1.8199999999999363,-5.230000000000018,-3.410000000000082,0.6185834857969199,0.6736467429180761,-0.05506325712115623,24.38511965255487,-9.323617142466057,0.15336845346539058,"{""burial"": 0.0, ""conservation"": 0.0, ""functional"": 0.0, ""msa_conservation"": 0.6134738138615623}",d5567b1ef2f55e2cf38060786bb0528d55971412cf0e3d7bb0c4291da2cede9c,-5.230000000000018,-5.230000000000018,-5.230000000000018,2,0.0,0.0,True,0.0,safe,False,"[{'position': 163, 'at_interface': False, 'impact': 'none', 'risk_level': 'safe', 'explanation': 'Position 163 is not at tetramer interface'}]"
R273H,T230A,"R273H,T230A",1,-1.8199999999999363,-4.840000000000032,-3.0200000000000955,0.6185834857969199,1.1908237545330596,-0.5722402687361396,11.499219121543577,-7.854340724192689,0.2283684534653906,"{""burial"": 0.5, ""conservation"": 0.0, ""functional"": 0.0, ""msa_conservation"": 0.6134738138615623}",2454345b75b03e03cf643ed6acab1301fc645fa730d572c2a8d95af859f29375,-4.840000000000032,-4.840000000000032,-4.840000000000032,2,0.0,0.0,True,0.0,safe,False,"[{'position': 230, 'at_interface': False, 'impact': 'none', 'risk_level': 'safe', 'explanation': 'Position 230 is not at tetramer interface'}]"
R273H,M133L,"M133L,R273H",1,-1.8199999999999363,-4.75,-2.9300000000000637,0.6185834857969199,0.21013416698941045,0.40844931880750945,20.55152556875139,-8.672757609565146,0.12005826865120725,"{""burial"": 0.0, ""conservation"": 0.0, ""functional"": 0.0, ""msa_conservation"": 0.480233074604829}",d158f578a0f0677f2a06ca6c1ec614f97d7526ecada407bc0d6ff80cfb7138ba,-4.75,-4.75,-4.75,2,0.0,0.0,True,0.0,safe,False,"[{'position': 133, 'at_interface': False, 'impact': 'none', 'risk_level': 'safe', 'explanation': 'Position 133 is not at tetramer interface'}]"
R273H,S215A,"R273H,S215A",1,-1.8199999999999363,-4.710000000000036,-2.8900000000001,0.6185834857969199,0.43611610816672386,0.18246737763019605,19.189797555124915,-7.5444040169170865,0.15336845346539058,"{""burial"": 0.0, ""conservation"": 0.0, ""functional"": 0.0, ""msa_conservation"": 0.6134738138615623}",d5f7bac14301b8a10aeef674ff58aa2319ac27477d454b4336020b91cddd84a2,-4.710000000000036,-4.710000000000036,-4.710000000000036,2,0.0,0.0,True,0.0,safe,False,"[{'position': 215, 'at_interface': False, 'impact': 'none', 'risk_level': 'safe', 'explanation': 'Position 215 is not at tetramer interface'}]"
R273H,V172I,"R273H,V172I",1,-1.8199999999999363,-4.159999999999968,-2.340000000000032,0.6185834857969199,0.0965119663727445,0.5220715194241754,24.241435361547953,-6.781341866348292,0.2283684534653906,"{""burial"": 0.5, ""conservation"": 0.0, ""functional"": 0.0, ""msa_conservation"": 0.6134738138615623}",7bc9a7a5c447dd0a983e7991dac10e105dc6a38a762323d6945c1c24208b71f4,-4.159999999999968,-4.159999999999968,-4.159999999999968,2,0.0,0.0,True,0.0,safe,False,"[{'position': 172, 'at_interface': False, 'impact': 'none', 'risk_level': 'safe', 'explanation': 'Position 172 is not at tetramer interface'}]"
R273H,L145I,"L145I,R273H",1,-1.8199999999999363,-3.42999999999995,-1.6100000000000136,0.6185834857969199,1.4636953456030335,-0.8451118598061136,14.053473645877311,-8.98477425616169,0.10045549712790386,"{""burial"": 0.0, ""conservation"": 0.0, ""functional"": 0.0, ""msa_conservation"": 0.40182198851161544}",4fd19f7ad60eabdfa1fcbb1f15310cd57fef83e8b67eb35db0a03ad188a6455d,-3.42999999999995,-3.42999999999995,-3.42999999999995,2,0.0,0.0,True,0.0,safe,False,"[{'position': 145, 'at_interface': False, 'impact': 'none', 'risk_level': 'safe', 'explanation': 'Position 145 is not at tetramer interface'}]"
R273H,T155A,"R273H,T155A",1,-1.8199999999999363,-3.340000000000032,-1.5200000000000955,0.6185834857969199,1.1701964385956596,-0.5516129527987397,14.228046589099334,-6.756854406501911,0.09523896142570046,"{""burial"": 0.0, ""conservation"": 0.0, ""functional"": 0.0, ""msa_conservation"": 0.38095584570280183}",2ee93b8200549967ed4793074955369c73275b3dd4ea6bc7040b212dbe1bc34e,-3.340000000000032,-3.340000000000032,-3.340000000000032,2,0.0,0.0,True,0.0,safe,False,"[{'position': 155, 'at_interface': False, 'impact': 'none', 'risk_level': 'safe', 'explanation': 'Position 155 is not at tetramer interface'}]"
R273H,Y220F,"R273H,Y220F",1,-1.8199999999999363,-3.2999999999999545,-1.4800000000000182,0.6185834857969199,0.40777790473315834,0.21080558106376157,11.499219121543577,-9.01995665595718,0.2283684534653906,"{""burial"": 0.5, ""conservation"": 0.0, ""functional"": 0.0, ""msa_conservation"": 0.6134738138615623}",a01bde1b7e3b4bbe5182b0dc1e69af0fce1575b1a8bd604f2f5447d0ef9597dc,-3.2999999999999545,-3.2999999999999545,-3.2999999999999545,2,0.0,0.0,True,0.0,safe,False,"[{'position': 220, 'at_interface': False, 'impact': 'none', 'risk_level': 'safe', 'explanation': 'Position 220 is not at tetramer interface'}]"
R273H,S269A,"R273H,S269A",1,-1.8199999999999363,-3.25,-1.4300000000000637,0.6185834857969199,0.44015441327634985,0.17842907252057005,19.670430293493645,-7.847978820434369,0.19249529677508065,"{""burial"": 0.5, ""conservation"": 0.0, ""functional"": 0.0, ""msa_conservation"": 0.46998118710032266}",52f351475da3155d0cd84ef38dfe4336082b002bec20526c042607e4d2afd39f,-3.25,-3.25,-3.25,2,0.0,0.0,True,0.0,safe,False,"[{'position': 269, 'at_interface': False, 'impact': 'none', 'risk_level': 'safe', 'explanation': 'Position 269 is not at tetramer interface'}]"
R273H,V147L,"R273H,V147L",1,-1.8199999999999363,-3.0499999999999545,-1.2300000000000182,0.6185834857969199,0.9775791946575665,-0.3589957088606466,15.198343642889983,-6.376687623422336,0.20959015987808616,"{""burial"": 0.5, ""conservation"": 0.0, ""functional"": 0.0, ""msa_conservation"": 0.5383606395123446}",44f2cf7d6494a7c34678dba0bda694b680747b3171fa765b2a79cafb14863e67,-3.0499999999999545,-3.0499999999999545,-3.0499999999999545,2,0.0,0.0,True,0.0,safe,False,"[{'position': 147, 'at_interface': False, 'impact': 'none', 'risk_level': 'safe', 'explanation': 'Position 147 is not at tetramer interface'}]"
R273H,S269N,"R273H,S269N",1,-1.8199999999999363,-2.6100000000000136,-0.7900000000000773,0.6185834857969199,0.9777185251620859,-0.359135039365166,19.670430293493645,-8.501535193256915,0.19249529677508065,"{""burial"": 0.5, ""conservation"": 0.0, ""functional"": 0.0, ""msa_conservation"": 0.46998118710032266}",ad4e6bfd24d276c23bfa67f3e5a9138c070b1439a5e0f794eb343137b5c562e6,-2.6100000000000136,-2.6100000000000136,-2.6100000000000136,2,0.0,0.0,True,0.0,safe,False,"[{'position': 269, 'at_interface': False, 'impact': 'none', 'risk_level': 'safe', 'explanation': 'Position 269 is not at tetramer interface'}]"
R273H,T256S,"R273H,T256S",1,-1.8199999999999363,-1.5900000000000318,0.2299999999999045,0.6185834857969199,1.4133092836966357,-0.7947257978997158,16.91153624556735,-8.97925767956566,0.22159148833566922,"{""burial"": 0.5, ""conservation"": 0.0, ""functional"": 0.0, ""msa_conservation"": 0.5863659533426769}",ba75550f8dc8787e4f8355423ac85d3bb26186c50f711cd247c2b3e6090b8058,-1.5900000000000318,-1.5900000000000318,-1.5900000000000318,2,0.0,0.0,True,0.0,safe,False,"[{'position': 256, 'at_interface': False, 'impact': 'none', 'risk_level': 'safe', 'explanation': 'Position 256 is not at tetramer interface'}]"
R273H,F113Y,"F113Y,R273H",1,-1.8199999999999363,-1.5399999999999636,0.2799999999999727,0.6185834857969199,1.398906118752778,-0.7803226329558581,16.828759376444864,-7.671900053801245,0.2265996493165175,"{""burial"": 0.5, ""conservation"": 0.0, ""functional"": 0.0, ""msa_conservation"": 0.60639859726607}",2c1ded5ac2b389f705907e4f15015dd398d6f8d5edd106237a463b848839fd0d,-1.5399999999999636,-1.5399999999999636,-1.5399999999999636,2,0.0,0.0,True,0.0,safe,False,"[{'position': 113, 'at_interface': False, 'impact': 'none', 'risk_level': 'safe', 'explanation': 'Position 113 is not at tetramer interface'}]"
R273H,P142S,"P142S,R273H",1,-1.8199999999999363,-1.2999999999999545,0.5199999999999818,0.6185834857969199,0.9313109435980174,-0.31272745780109745,16.45838734381504,-6.167008256202902,0.22159148833566927,"{""burial"": 0.5, ""conservation"": 0.0, ""functional"": 0.0, ""msa_conservation"": 0.586365953342677}",a3e8186055f1454895eeed719bcbcfeab37b440b1c3111124db42231ae2632dc,-1.2999999999999545,-1.2999999999999545,-1.2999999999999545,2,0.0,0.0,True,0.0,safe,False,"[{'position': 142, 'at_interface': False, 'impact': 'none', 'risk_level': 'safe', 'explanation': 'Position 142 is not at tetramer interface'}]"
R273H,V157I,"R273H,V157I",1,-1.8199999999999363,-1.1499999999999773,0.6699999999999591,0.6185834857969199,0.5143752177836155,0.1042082680133044,14.393642796111271,-5.799701488894569,0.11099333885120843,"{""burial"": 0.0, ""conservation"": 0.0, ""functional"": 0.0, ""msa_conservation"": 0.44397335540483374}",a088aec410ac7d1f2bd977a1d0a609e1da9c41ca464be65e8b496c520b6b681b,-1.1499999999999773,-1.1499999999999773,-1.1499999999999773,2,0.0,0.0,True,0.0,safe,False,"[{'position': 157, 'at_interface': False, 'impact': 'none', 'risk_level': 'safe', 'explanation': 'Position 157 is not at tetramer interface'}]"
R273H,T256A,"R273H,T256A",1,-1.8199999999999363,-1.0199999999999818,0.7999999999999545,0.6185834857969199,0.7937310214737666,-0.1751475356768467,16.91153624556735,-8.69954230890098,0.22159148833566922,"{""burial"": 0.5, ""conservation"": 0.0, ""functional"": 0.0, ""msa_conservation"": 0.5863659533426769}",933036193a98ab02a5124e62c105aad0d3588d89078518218e8e049c88d561cf,-1.0199999999999818,-1.0199999999999818,-1.0199999999999818,2,0.0,0.0,True,0.0,safe,False,"[{'position': 256, 'at_interface': False, 'impact': 'none', 'risk_level': 'safe', 'explanation': 'Position 256 is not at tetramer interface'}]"
R273H,C141A,"C141A,R273H",1,-1.8199999999999363,-0.7100000000000364,1.1099999999999,0.6185834857969199,0.8517034282542837,-0.23311994245736378,18.252179242701498,-6.217625322730647,0.12499150515645158,"{""burial"": 0.0, ""conservation"": 0.0, ""functional"": 0.0, ""msa_conservation"": 0.4999660206258063}",359d2a8dc1442dc2fd5dd5739b0a59e5bf2106b679cae6c56ea9f7361604433b,-0.7100000000000364,-0.7100000000000364,-0.7100000000000364,2,0.0,0.0,True,0.0,safe,False,"[{'position': 141, 'at_interface': False, 'impact': 'none', 'risk_level': 'safe', 'explanation': 'Position 141 is not at tetramer interface'}]"
R273H,Y234F,"R273H,Y234F",1,-1.8199999999999363,-0.5900000000000318,1.2299999999999045,0.6185834857969199,0.9664755405868422,-0.34789205478992224,18.0063733171269,-7.747484436793649,0.12646679339169192,"{""burial"": 0.0, ""conservation"": 0.0, ""functional"": 0.0, ""msa_conservation"": 0.5058671735667677}",298da05c620fdf805daab8200026e13bbcba1aba1cc3a4ebaad12fd741c3a0c2,-0.5900000000000318,-0.5900000000000318,-0.5900000000000318,2,0.0,0.0,True,0.0,safe,False,"[{'position': 234, 'at_interface': False, 'impact': 'none', 'risk_level': 'safe', 'explanation': 'Position 234 is not at tetramer interface'}]"
R273H,F270Y,"F270Y,R273H",1,-1.8199999999999363,-0.5099999999999909,1.3099999999999454,0.6185834857969199,0.9021626772188226,-0.2835791914219027,20.082358878412126,-7.557868202384394,0.1533684534653906,"{""burial"": 0.0, ""conservation"": 0.0, ""functional"": 0.0, ""msa_conservation"": 0.6134738138615624}",2580372119367083cba4ec491594cb1440a69527a786d39249711ee0c5d77f2f,-0.5099999999999909,-0.5099999999999909,-0.5099999999999909,2,0.0,0.0,True,0.0,safe,False,"[{'position': 270, 'at_interface': False, 'impact': 'none', 'risk_level': 'safe', 'explanation': 'Position 270 is not at tetramer interface'}]"
R273H,S215N,"R273H,S215N",1,-1.8199999999999363,-0.22000000000002728,1.599999999999909,0.6185834857969199,0.9491028782176205,-0.3305193924207006,19.189797555124915,-8.400434123485972,0.15336845346539058,"{""burial"": 0.0, ""conservation"": 0.0, ""functional"": 0.0, ""msa_conservation"": 0.6134738138615623}",85b6edddfe5e0579905dbca6cf7d59fa5cccb236e1ce0d9ee880f61bd048eff3,-0.22000000000002728,-0.22000000000002728,-0.22000000000002728,2,0.0,0.0,True,0.0,safe,False,"[{'position': 215, 'at_interface': False, 'impact': 'none', 'risk_level': 'safe', 'explanation': 'Position 215 is not at tetramer interface'}]"
R273H,P142A,"P142A,R273H",1,-1.8199999999999363,-0.13999999999998636,1.67999999999995,0.6185834857969199,0.506149546018583,0.11243393977833693,16.45838734381504,-5.655334129361311,0.22159148833566927,"{""burial"": 0.5, ""conservation"": 0.0, ""functional"": 0.0, ""msa_conservation"": 0.586365953342677}",5df84209b770a3670a1373276c6f8bbe756c7aa5e2f9d2b788818c0ee1ddbe23,-0.13999999999998636,-0.13999999999998636,-0.13999999999998636,2,0.0,0.0,True,0.0,safe,False,"[{'position': 142, 'at_interface': False, 'impact': 'none', 'risk_level': 'safe', 'explanation': 'Position 142 is not at tetramer interface'}]"
R273H,I232V,"I232V,R273H",1,-1.8199999999999363,-0.06999999999993634,1.75,0.6185834857969199,1.3977030018803513,-0.7791195160834314,14.880832695530046,-7.476160981913125,0.20146679339169188,"{""burial"": 0.5, ""conservation"": 0.0, ""functional"": 0.0, ""msa_conservation"": 0.5058671735667676}",a3c5ce348aa4a93bb65d8c481f84e4b100f1cef03b9c29c31b4ad9aeaa9dd299,-0.06999999999993634,-0.06999999999993634,-0.06999999999993634,2,0.0,0.0,True,0.0,safe,False,"[{'position': 232, 'at_interface': False, 'impact': 'none', 'risk_level': 'safe', 'explanation': 'Position 232 is not at tetramer interface'}]"
R273H,T230V,"R273H,T230V",1,-1.8199999999999363,0.07000000000005002,1.8899999999999864,0.6185834857969199,0.31958980560276595,0.29899368019415395,11.499219121543577,-7.951673222352319,0.2283684534653906,"{""burial"": 0.5, ""conservation"": 0.0, ""functional"": 0.0, ""msa_conservation"": 0.6134738138615623}",1c768d117959996ebd2627919a1d3859857c5dba2f8c500893756e7f58e8c3b6,0.07000000000005002,0.07000000000005002,0.07000000000005002,2,0.0,0.0,True,0.0,safe,False,"[{'position': 230, 'at_interface': False, 'impact': 'none', 'risk_level': 'safe', 'explanation': 'Position 230 is not at tetramer interface'}]"
R273H,T256V,"R273H,T256V",1,-1.8199999999999363,0.19000000000005457,2.009999999999991,0.6185834857969199,-0.20536868232005323,0.8239521681169731,16.91153624556735,-6.491238757495067,0.22159148833566922,"{""burial"": 0.5, ""conservation"": 0.0, ""functional"": 0.0, ""msa_conservation"": 0.5863659533426769}",cf230adb9a5782da447d1b97e92b88be048ce757d35679bbfdd1c39513d8237c,0.19000000000005457,0.19000000000005457,0.19000000000005457,2,0.0,0.0,True,0.0,safe,False,"[{'position': 256, 'at_interface': False, 'impact': 'none', 'risk_level': 'safe', 'explanation': 'Position 256 is not at tetramer interface'}]"
R273H,F109Y,"F109Y,R273H",1,-1.8199999999999363,0.25,2.0699999999999363,0.6185834857969199,0.7957830606602991,-0.17719957486337923,16.77796626764701,-8.496384688851531,0.1393192201971301,"{""burial"": 0.0, ""conservation"": 0.0, ""functional"": 0.0, ""msa_conservation"": 0.5572768807885204}",501e5cce9433bb19fa24d96c732e328097135d08445cc9c371965a5eeb11c9e1,0.25,0.25,0.25,2,0.0,0.0,True,0.0,safe,False,"[{'position': 109, 'at_interface': False, 'impact': 'none', 'risk_level': 'safe', 'explanation': 'Position 109 is not at tetramer interface'}]"
R273H,I254L,"I254L,R273H",1,-1.8199999999999363,0.2999999999999545,2.119999999999891,0.6185834857969199,1.045834394042319,-0.427250908245399,19.39087983830074,-8.95886934677202,0.15336845346539063,"{""burial"": 0.0, ""conservation"": 0.0, ""functional"": 0.0, ""msa_conservation"": 0.6134738138615625}",724c222ef6785879a5ee361b7e52c881cab192d509b981fbf38f0dfffd8b5de3,0.2999999999999545,0.2999999999999545,0.2999999999999545,2,0.0,0.0,True,0.0,safe,False,"[{'position': 254, 'at_interface': False, 'impact': 'none', 'risk_level': 'safe', 'explanation': 'Position 254 is not at tetramer interface'}]"
R273H,L111V,"L111V,R273H",1,-1.8199999999999363,0.37000000000000455,2.189999999999941,0.6185834857969199,2.2797064023175437,-1.6611229165206238,16.165567068452496,-9.425648538115993,0.21431922019713012,"{""burial"": 0.5, ""conservation"": 0.0, ""functional"": 0.0, ""msa_conservation"": 0.5572768807885204}",b05f7bc7ce3ccc5c8882c620ff19f648a3a13823527591c6061cf758e3cef743,0.37000000000000455,0.37000000000000455,0.37000000000000455,2,0.0,0.0,True,0.0,safe,False,"[{'position': 111, 'at_interface': False, 'impact': 'none', 'risk_level': 'safe', 'explanation': 'Position 111 is not at tetramer interface'}]"
R273H,V147I,"R273H,V147I",1,-1.8199999999999363,0.4199999999999591,2.2399999999998954,0.6185834857969199,0.8749574482392927,-0.25637396244237276,15.198343642889983,-7.153343238101376,0.20959015987808616,"{""burial"": 0.5, ""conservation"": 0.0, ""functional"": 0.0, ""msa_conservation"": 0.5383606395123446}",dcb201cdbe80d287f01dc42d2ab7cead48468f36d095420b1e059dc8afd9d962,0.4199999999999591,0.4199999999999591,0.4199999999999591,2,0.0,0.0,True,0.0,safe,False,"[{'position': 147, 'at_interface': False, 'impact': 'none', 'risk_level': 'safe', 'explanation': 'Position 147 is not at tetramer interface'}]"
R273H,I195V,"I195V,R273H",1,-1.8199999999999363,0.7799999999999727,2.599999999999909,0.6185834857969199,1.645402378270793,-1.026818892473873,20.164515665619685,-9.008416814056032,0.20820925087259512,"{""burial"": 0.5, ""conservation"": 0.0, ""functional"": 0.0, ""msa_conservation"": 0.5328370034903804}",d1cb9032033cfdb2eed30934dc40ed5c54c5151dd5e632c12046cd92256f8e60,0.7799999999999727,0.7799999999999727,0.7799999999999727,2,0.0,0.0,True,0.0,safe,False,"[{'position': 195, 'at_interface': False, 'impact': 'none', 'risk_level': 'safe', 'explanation': 'Position 195 is not at tetramer interface'}]"
R273H,V217L,"R273H,V217L",1,-1.8199999999999363,1.1399999999999864,2.9599999999999227,0.6185834857969199,0.5715384712444163,0.04704501455250365,16.094710784562665,-8.589401246419524,0.11023530353224173,"{""burial"": 0.0, ""conservation"": 0.0, ""functional"": 0.0, ""msa_conservation"": 0.4409412141289669}",d23e2e7a8db2ec4d6f929d8641f41da5722e76610608ed5970c42b237aaaf987,1.1399999999999864,1.1399999999999864,1.1399999999999864,2,0.0,0.0,True,0.0,safe,False,"[{'position': 217, 'at_interface': False, 'impact': 'none', 'risk_level': 'safe', 'explanation': 'Position 217 is not at tetramer interface'}]"
R273H,F113W,"F113W,R273H",1,-1.8199999999999363,1.1900000000000546,3.009999999999991,0.6185834857969199,1.4933375385774492,-0.8747540527805293,16.828759376444864,-8.994068460056294,0.2265996493165175,"{""burial"": 0.5, ""conservation"": 0.0, ""functional"": 0.0, ""msa_conservation"": 0.60639859726607}",7b39de574f0d3f7cde4ab75b1860901a4982ac685a7362ac208acdc555ba9ada,1.1900000000000546,1.1900000000000546,1.1900000000000546,2,0.0,0.0,True,0.0,safe,False,"[{'position': 113, 'at_interface': False, 'impact': 'none', 'risk_level': 'safe', 'explanation': 'Position 113 is not at tetramer interface'}]"
R273H,T253V,"R273H,T253V",1,-1.8199999999999363,1.32000000000005,3.1399999999999864,0.6185834857969199,-0.5534818152592877,1.1720653010562077,20.327537703491956,-7.541540188470359,0.15336845346539058,"{""burial"": 0.0, ""conservation"": 0.0, ""functional"": 0.0, ""msa_conservation"": 0.6134738138615623}",759025026594f2eae4b8a3fbd32cb1a56332ed0df0fa870e415679bb60a37a95,1.32000000000005,1.32000000000005,1.32000000000005,2,0.0,0.0,True,0.0,safe,False,"[{'position': 253, 'at_interface': False, 'impact': 'none', 'risk_level': 'safe', 'explanation': 'Position 253 is not at tetramer interface'}]"
R273H,V218I,"R273H,V218I",1,-1.8199999999999363,2.060000000000059,3.8799999999999955,0.6185834857969199,0.6159360348894668,0.0026474509074531083,14.669888824036205,-6.386562460255448,0.15336845346539058,"{""burial"": 0.0, ""conservation"": 0.0, ""functional"": 0.0, ""msa_conservation"": 0.6134738138615623}",481cfa55c6ed2ba4fe4fa92ebd710d6173261436150a65644ba74ea1f9589c13,2.060000000000059,2.060000000000059,2.060000000000059,2,0.0,0.0,True,0.0,safe,False,"[{'position': 218, 'at_interface': False, 'impact': 'none', 'risk_level': 'safe', 'explanation': 'Position 218 is not at tetramer interface'}]"
R273H,N235D,"N235D,R273H",1,-1.8199999999999363,2.090000000000032,3.909999999999968,0.6185834857969199,1.9318317854490545,-1.3132482996521346,19.872544131138547,-9.064582069838215,0.19295572264521593,"{""burial"": 0.5, ""conservation"": 0.0, ""functional"": 0.0, ""msa_conservation"": 0.4718228905808638}",5689799cd4a6da9c5444f61bdb14991a813ef85b159862b6343b4a1020baa49c,2.090000000000032,2.090000000000032,2.090000000000032,2,0.0,0.0,True,0.0,safe,False,"[{'position': 235, 'at_interface': False, 'impact': 'none', 'risk_level': 'safe', 'explanation': 'Position 235 is not at tetramer interface'}]"
R273H,G266A,"G266A,R273H",1,-1.8199999999999363,2.2000000000000455,4.019999999999982,0.6185834857969199,0.10510330269416912,0.5134801831027508,17.623789369142457,-9.193923946614014,0.1533684534653906,"{""burial"": 0.0, ""conservation"": 0.0, ""functional"": 0.0, ""msa_conservation"": 0.6134738138615624}",4ff9ea57595a201adee5771457645a26119cb2112f6c8573d6b10ff0cc5c19f5,2.2000000000000455,2.2000000000000455,2.2000000000000455,2,0.0,0.0,True,0.0,safe,False,"[{'position': 266, 'at_interface': False, 'impact': 'none', 'risk_level': 'safe', 'explanation': 'Position 266 is not at tetramer interface'}]"
R273H,P278A,"P278A,R273H",1,-1.8199999999999363,2.25,4.069999999999936,0.6185834857969199,0.6433343205110478,-0.024750834714127867,23.559517860134694,-9.414858391909155,0.15336845346539058,"{""burial"": 0.0, ""conservation"": 0.0, ""functional"": 0.0, ""msa_conservation"": 0.6134738138615623}",3146bbf3450a09bd47d70acc2eb81a4013a8e74d9d186ea6be80997c84635d9b,2.25,2.25,2.25,2,0.0,0.0,True,0.0,safe,False,"[{'position': 278, 'at_interface': False, 'impact': 'none', 'risk_level': 'safe', 'explanation': 'Position 278 is not at tetramer interface'}]"
R273H,A189T,"A189T,R273H",1,-1.8199999999999363,3.3899999999999864,5.209999999999923,0.6185834857969199,0.5686255557336691,0.04995793006325078,20.982458618670247,-9.42535928508533,0.1249915051564516,"{""burial"": 0.0, ""conservation"": 0.0, ""functional"": 0.0, ""msa_conservation"": 0.4999660206258064}",850aecf32bb10e49c8481506b07d5b5f3ae52ed0986d6b7003b396ccad1967a7,3.3899999999999864,3.3899999999999864,3.3899999999999864,2,0.0,0.0,True,0.0,safe,False,"[{'position': 189, 'at_interface': False, 'impact': 'none', 'risk_level': 'safe', 'explanation': 'Position 189 is not at tetramer interface'}]"
R273H,S215T,"R273H,S215T",1,-1.8199999999999363,3.5499999999999545,5.369999999999891,0.6185834857969199,0.9362160627893942,-0.31763257699247427,19.189797555124915,-9.488076105419527,0.15336845346539058,"{""burial"": 0.0, ""conservation"": 0.0, ""functional"": 0.0, ""msa_conservation"": 0.6134738138615623}",31c316e3948cac0d4a75f4cd23877d0a5a21e48541ca28b193af77fee49795c4,3.5499999999999545,3.5499999999999545,3.5499999999999545,2,0.0,0.0,True,0.0,safe,False,"[{'position': 215, 'at_interface': False, 'impact': 'none', 'risk_level': 'safe', 'explanation': 'Position 215 is not at tetramer interface'}]"
R273H,G112A,"G112A,R273H",1,-1.8199999999999363,3.7999999999999545,5.619999999999891,0.6185834857969199,0.9796119577488912,-0.3610284719519713,15.739950070414643,-6.536312344610266,0.17321464751595866,"{""burial"": 0.5, ""conservation"": 0.0, ""functional"": 0.0, ""msa_conservation"": 0.3928585900638347}",2accac68430c434aa44b340ee873d5def28a9a5306189a73f81b5b947d78a991,3.7999999999999545,3.7999999999999545,3.7999999999999545,2,0.0,0.0,True,0.0,safe,False,"[{'position': 112, 'at_interface': False, 'impact': 'none', 'risk_level': 'safe', 'explanation': 'Position 112 is not at tetramer interface'}]"
R273H,T155V,"R273H,T155V",1,-1.8199999999999363,3.840000000000032,5.659999999999968,0.6185834857969199,0.25202456065470635,0.36655892514221355,14.228046589099334,-6.406131360978852,0.09523896142570046,"{""burial"": 0.0, ""conservation"": 0.0, ""functional"": 0.0, ""msa_conservation"": 0.38095584570280183}",e50842120004467e790435ffb821db683a6422b18eef610fe0129e9ac7ae52cd,3.840000000000032,3.840000000000032,3.840000000000032,2,0.0,0.0,True,0.0,safe,False,"[{'position': 155, 'at_interface': False, 'impact': 'none', 'risk_level': 'safe', 'explanation': 'Position 155 is not at tetramer interface'}]"
R273H,V157L,"R273H,V157L",1,-1.8199999999999363,3.8899999999999864,5.709999999999923,0.6185834857969199,1.2531892694455418,-0.6346057836486219,14.393642796111271,-7.555972405912891,0.11099333885120843,"{""burial"": 0.0, ""conservation"": 0.0, ""functional"": 0.0, ""msa_conservation"": 0.44397335540483374}",bcf18eff46e369bcf79d4dc1207bea71ed302d3cea3d383773fe637d74054171,3.8899999999999864,3.8899999999999864,3.8899999999999864,2,0.0,0.0,True,0.0,safe,False,"[{'position': 157, 'at_interface': False, 'impact': 'none', 'risk_level': 'safe', 'explanation': 'Position 157 is not at tetramer interface'}]"
